{"ID":"1","location":"Orbital","category":"Starport","Type":"Coriolis","Build":"Coriolis Starport","variant":"No Truss, Dual Truss, Quad Truss","commodities":[{"Name":"Aluminium","Type":"aluminium","Required":10056,"Have":0},{"Name":"Ceramic Composites","Type":"ceramiccomposites","Required":1207,"Have":0},{"Name":"CMM Composite","Type":"cmmcomposite","Required":11261,"Have":0},{"Name":"Computer Components","Type":"computercomponents","Required":145,"Have":0},{"Name":"Copper","Type":"copper","Required":644,"Have":0},{"Name":"Food Cartridges","Type":"foodcartridges","Required":242,"Have":0},{"Name":"Fruit and Vegetables","Type":"fruitandvegetables","Required":145,"Have":0},{"Name":"Insulating Membrane","Type":"insulatingmembrane","Required":644,"Have":0},{"Name":"Liquid Oxygen","Type":"liquidoxygen","Required":3781,"Have":0},{"Name":"Medical Diagnostic Equipment","Type":"medicaldiagnosticequipment","Required":25,"Have":0},{"Name":"Non-Lethal Weapons","Type":"nonlethalweapons","Required":25,"Have":0},{"Name":"Polymers","Type":"polymers","Required":1046,"Have":0},{"Name":"Power Generators","Type":"powergenerators","Required":65,"Have":0},{"Name":"Semiconductors","Type":"semiconductors","Required":161,"Have":0},{"Name":"Steel","Type":"steel","Required":14076,"Have":0},{"Name":"Superconductors","Type":"superconductors","Required":282,"Have":0},{"Name":"Titanium","Type":"titanium","Required":8205,"Have":0},{"Name":"Water","Type":"water","Required":1609,"Have":0},{"Name":"Water Purifiers","Type":"waterpurifiers","Required":105,"Have":0}]}
{"ID":"2","location":"Orbital","category":"Starport","Type":"Asteroid Base","Build":"Asteroid Base","variant":"Asteroid (adjusts to ring type)","commodities":[{"Name":"Aluminium","Type":"aluminium","Required":10337,"Have":0},{"Name":"Ceramic Composites","Type":"ceramiccomposites","Required":1230,"Have":0},{"Name":"CMM Composite","Type":"cmmcomposite","Required":10724,"Have":0},{"Name":"Computer Components","Type":"computercomponents","Required":150,"Have":0},{"Name":"Copper","Type":"copper","Required":662,"Have":0},{"Name":"Food Cartridges","Type":"foodcartridges","Required":251,"Have":0},{"Name":"Fruit and Vegetables","Type":"fruitandvegetables","Required":144,"Have":0},{"Name":"Insulating Membrane","Type":"insulatingmembrane","Required":669,"Have":0},{"Name":"Liquid Oxygen","Type":"liquidoxygen","Required":3918,"Have":0},{"Name":"Medical Diagnostic Equipment","Type":"medicaldiagnosticequipment","Required":26,"Have":0},{"Name":"Non-Lethal Weapons","Type":"nonlethalweapons","Required":24,"Have":0},{"Name":"Polymers","Type":"polymers","Required":1034,"Have":0},{"Name":"Power Generators","Type":"powergenerators","Required":66,"Have":0},{"Name":"Semiconductors","Type":"semiconductors","Required":156,"Have":0},{"Name":"Steel","Type":"steel","Required":13816,"Have":0},{"Name":"Superconductors","Type":"superconductors","Required":277,"Have":0},{"Name":"Titanium","Type":"titanium","Required":8299,"Have":0},{"Name":"Water","Type":"water","Required":1549,"Have":0},{"Name":"Water Purifiers","Type":"waterpurifiers","Required":100,"Have":0}]}
{"ID":"3","location":"Orbital","category":"Starport","Type":"Ocellus","Build":"Ocellus Starport","variant":"Ocellus","commodities":[{"Name":"Aluminium","Type":"aluminium","Required":40220,"Have":0},{"Name":"Ceramic Composites","Type":"ceramiccomposites","Required":4828,"Have":0},{"Name":"CMM Composite","Type":"cmmcomposite","Required":45044,"Have":0},{"Name":"Computer Components","Type":"computercomponents","Required":290,"Have":0},{"Name":"Copper","Type":"copper","Required":2576,"Have":0},{"Name":"Food Cartridges","Type":"foodcartridges","Required":484,"Have":0},{"Name":"Fruit and Vegetables","Type":"fruitandvegetables","Required":290,"Have":0},{"Name":"Insulating Membrane","Type":"insulatingmembrane","Required":1288,"Have":0},{"Name":"Liquid Oxygen","Type":"liquidoxygen","Required":15124,"Have":0},{"Name":"Medical Diagnostic Equipment","Type":"medicaldiagnosticequipment","Required":50,"Have":0},{"Name":"Non-Lethal Weapons","Type":"nonlethalweapons","Required":50,"Have":0},{"Name":"Polymers","Type":"polymers","Required":2092,"Have":0},{"Name":"Power Generators","Type":"powergenerators","Required":130,"Have":0},{"Name":"Semiconductors","Type":"semiconductors","Required":322,"Have":0},{"Name":"Steel","Type":"steel","Required":56304,"Have":0},{"Name":"Superconductors","Type":"superconductors","Required":564,"Have":0},{"Name":"Titanium","Type":"titanium","Required":32820,"Have":0},{"Name":"Water","Type":"water","Required":6436,"Have":0},{"Name":"Water Purifiers","Type":"waterpurifiers","Required":210,"Have":0}]}
{"ID":"4","location":"Orbital","category":"Starport","Type":"Orbis","Build":"Orbis Starport","variant":"Apollo, Artemis","commodities":[{"Name":"Aluminium","Type":"aluminium","Required":40220,"Have":0},{"Name":"Ceramic Composites","Type":"ceramiccomposites","Required":4828,"Have":0},{"Name":"CMM Composite","Type":"cmmcomposite","Required":45044,"Have":0},{"Name":"Computer Components","Type":"computercomponents","Required":290,"Have":0},{"Name":"Copper","Type":"copper","Required":2576,"Have":0},{"Name":"Food Cartridges","Type":"foodcartridges","Required":484,"Have":0},{"Name":"Fruit and Vegetables","Type":"fruitandvegetables","Required":290,"Have":0},{"Name":"Insulating Membrane","Type":"insulatingmembrane","Required":1288,"Have":0},{"Name":"Liquid Oxygen","Type":"liquidoxygen","Required":15124,"Have":0},{"Name":"Medical Diagnostic Equipment","Type":"medicaldiagnosticequipment","Required":50,"Have":0},{"Name":"Non-Lethal Weapons","Type":"nonlethalweapons","Required":50,"Have":0},{"Name":"Polymers","Type":"polymers","Required":2092,"Have":0},{"Name":"Power Generators","Type":"powergenerators","Required":130,"Have":0},{"Name":"Semiconductors","Type":"semiconductors","Required":322,"Have":0},{"Name":"Steel","Type":"steel","Required":56304,"Have":0},{"Name":"Superconductors","Type":"superconductors","Required":564,"Have":0},{"Name":"Titanium","Type":"titanium","Required":32820,"Have":0},{"Name":"Water","Type":"water","Required":6436,"Have":0},{"Name":"Water Purifiers","Type":"waterpurifiers","Required":210,"Have":0}]}
{"ID":"5","location":"Orbital","category":"Outpost","Type":"Commercial Outpost","Build":"Commercial Outpost","variant":"Plutus","commodities":[{"Name":"Aluminium","Type":"aluminium","Required":515,"Have":0},{"Name":"Ceramic Composites","Type":"ceramiccomposites","Required":497,"Have":0},{"Name":"CMM Composite","Type":"cmmcomposite","Required":3912,"Have":0},{"Name":"Computer Components","Type":"computercomponents","Required":50,"Have":0},{"Name":"Copper","Type":"copper","Required":218,"Have":0},{"Name":"Food Cartridges","Type":"foodcartridges","Required":94,"Have":0},{"Name":"Fruit and Vegetables","Type":"fruitandvegetables","Required":50,"Have":0},{"Name":"Insulating Membrane","Type":"insulatingmembrane","Required":311,"Have":0},{"Name":"Liquid Oxygen","Type":"liquidoxygen","Required":1553,"Have":0},{"Name":"Medical Diagnostic Equipment","Type":"medicaldiagnosticequipment","Required":13,"Have":0},{"Name":"Non-Lethal Weapons","Type":"nonlethalweapons","Required":13,"Have":0},{"Name":"Polymers","Type":"polymers","Required":497,"Have":0},{"Name":"Power Generators","Type":"powergenerators","Required":19,"Have":0},{"Name":"Semiconductors","Type":"semiconductors","Required":56,"Have":0},{"Name":"Steel","Type":"steel","Required":5588,"Have":0},{"Name":"Superconductors","Type":"superconductors","Required":100,"Have":0},{"Name":"Titanium","Type":"titanium","Required":4843,"Have":0},{"Name":"Water","Type":"water","Required":621,"Have":0},{"Name":"Water Purifiers","Type":"waterpurifiers","Required":38,"Have":0}]}
{"ID":"6","location":"Orbital","category":"Outpost","Type":"Industrial Outpost","Build":"Industrial Outpost","variant":"Vulcan","commodities":[{"Name":"Aluminium","Type":"aluminium","Required":515,"Have":0},{"Name":"Ceramic Composites","Type":"ceramiccomposites","Required":497,"Have":0},{"Name":"CMM Composite","Type":"cmmcomposite","Required":3912,"Have":0},{"Name":"Computer Components","Type":"computercomponents","Required":50,"Have":0},{"Name":"Copper","Type":"copper","Required":217,"Have":0},{"Name":"Food Cartridges","Type":"foodcartridges","Required":94,"Have":0},{"Name":"Fruit and Vegetables","Type":"fruitandvegetables","Required":50,"Have":0},{"Name":"Insulating Membrane","Type":"insulatingmembrane","Required":311,"Have":0},{"Name":"Liquid Oxygen","Type":"liquidoxygen","Required":1553,"Have":0},{"Name":"Medical Diagnostic Equipment","Type":"medicaldiagnosticequipment","Required":13,"Have":0},{"Name":"Non-Lethal Weapons","Type":"nonlethalweapons","Required":13,"Have":0},{"Name":"Polymers","Type":"polymers","Required":497,"Have":0},{"Name":"Power Generators","Type":"powergenerators","Required":19,"Have":0},{"Name":"Semiconductors","Type":"semiconductors","Required":56,"Have":0},{"Name":"Steel","Type":"steel","Required":5588,"Have":0},{"Name":"Superconductors","Type":"superconductors","Required":100,"Have":0},{"Name":"Titanium","Type":"titanium","Required":4843,"Have":0},{"Name":"Water","Type":"water","Required":621,"Have":0},{"Name":"Water Purifiers","Type":"waterpurifiers","Required":38,"Have":0}]}
{"ID":"7","location":"Orbital","category":"Outpost","Type":"Criminal Outpost","Build":"Pirate Outpost","variant":"Dysnomia","commodities":[{"Name":"Aluminium","Type":"aluminium","Required":515,"Have":0},{"Name":"Ceramic Composites","Type":"ceramiccomposites","Required":497,"Have":0},{"Name":"CMM Composite","Type":"cmmcomposite","Required":3912,"Have":0},{"Name":"Computer Components","Type":"computercomponents","Required":50,"Have":0},{"Name":"Copper","Type":"copper","Required":218,"Have":0},{"Name":"Food Cartridges","Type":"foodcartridges","Required":94,"Have":0},{"Name":"Fruit and Vegetables","Type":"fruitandvegetables","Required":50,"Have":0},{"Name":"Insulating Membrane","Type":"insulatingmembrane","Required":311,"Have":0},{"Name":"Liquid Oxygen","Type":"liquidoxygen","Required":1553,"Have":0},{"Name":"Medical Diagnostic Equipment","Type":"medicaldiagnosticequipment","Required":13,"Have":0},{"Name":"Non-Lethal Weapons","Type":"nonlethalweapons","Required":13,"Have":0},{"Name":"Polymers","Type":"polymers","Required":497,"Have":0},{"Name":"Power Generators","Type":"powergenerators","Required":19,"Have":0},{"Name":"Semiconductors","Type":"semiconductors","Required":56,"Have":0},{"Name":"Steel","Type":"steel","Required":5588,"Have":0},{"Name":"Superconductors","Type":"superconductors","Required":100,"Have":0},{"Name":"Titanium","Type":"titanium","Required":4843,"Have":0},{"Name":"Water","Type":"water","Required":621,"Have":0},{"Name":"Water Purifiers","Type":"waterpurifiers","Required":38,"Have":0}]}
{"ID":"8","location":"Orbital","category":"Outpost","Type":"Civilian Outpost","Build":"Civilian Outpost","variant":"Vesta","commodities":[{"Name":"Aluminium","Type":"aluminium","Required":515,"Have":0},{"Name":"Ceramic Composites","Type":"ceramiccomposites","Required":497,"Have":0},{"Name":"CMM Composite","Type":"cmmcomposite","Required":3912,"Have":0},{"Name":"Computer Components","Type":"computercomponents","Required":50,"Have":0},{"Name":"Copper","Type":"copper","Required":218,"Have":0},{"Name":"Food Cartridges","Type":"foodcartridges","Required":94,"Have":0},{"Name":"Fruit and Vegetables","Type":"fruitandvegetables","Required":50,"Have":0},{"Name":"Insulating Membrane","Type":"insulatingmembrane","Required":311,"Have":0},{"Name":"Liquid Oxygen","Type":"liquidoxygen","Required":1553,"Have":0},{"Name":"Medical Diagnostic Equipment","Type":"medicaldiagnosticequipment","Required":13,"Have":0},{"Name":"Non-Lethal Weapons","Type":"nonlethalweapons","Required":13,"Have":0},{"Name":"Polymers","Type":"polymers","Required":497,"Have":0},{"Name":"Power Generators","Type":"powergenerators","Required":19,"Have":0},{"Name":"Semiconductors","Type":"semiconductors","Required":56,"Have":0},{"Name":"Steel","Type":"steel","Required":5588,"Have":0},{"Name":"Superconductors","Type":"superconductors","Required":100,"Have":0},{"Name":"Titanium","Type":"titanium","Required":4843,"Have":0},{"Name":"Water","Type":"water","Required":621,"Have":0},{"Name":"Water Purifiers","Type":"waterpurifiers","Required":38,"Have":0}]}
{"ID":"9","location":"Orbital","category":"Outpost","Type":"Scientific Outpost","Build":"Scientific Outpost","variant":"Prometheus","commodities":[{"Name":"Aluminium","Type":"aluminium","Required":515,"Have":0},{"Name":"Ceramic Composites","Type":"ceramiccomposites","Required":497,"Have":0},{"Name":"CMM Composite","Type":"cmmcomposite","Required":3912,"Have":0},{"Name":"Computer Components","Type":"computercomponents","Required":50,"Have":0},{"Name":"Copper","Type":"copper","Required":218,"Have":0},{"Name":"Food Cartridges","Type":"foodcartridges","Required":94,"Have":0},{"Name":"Fruit and Vegetables","Type":"fruitandvegetables","Required":50,"Have":0},{"Name":"Insulating Membrane","Type":"insulatingmembrane","Required":311,"Have":0},{"Name":"Liquid Oxygen","Type":"liquidoxygen","Required":1553,"Have":0},{"Name":"Medical Diagnostic Equipment","Type":"medicaldiagnosticequipment","Required":13,"Have":0},{"Name":"Non-Lethal Weapons","Type":"nonlethalweapons","Required":13,"Have":0},{"Name":"Polymers","Type":"polymers","Required":497,"Have":0},{"Name":"Power Generators","Type":"powergenerators","Required":19,"Have":0},{"Name":"Semiconductors","Type":"semiconductors","Required":56,"Have":0},{"Name":"Steel","Type":"steel","Required":5588,"Have":0},{"Name":"Superconductors","Type":"superconductors","Required":100,"Have":0},{"Name":"Titanium","Type":"titanium","Required":4843,"Have":0},{"Name":"Water","Type":"water","Required":621,"Have":0},{"Name":"Water Purifiers","Type":"waterpurifiers","Required":38,"Have":0}]}
{"ID":"10","location":"Orbital","category":"Outpost","Type":"Military Outpost","Build":"Military Outpost","variant":"Nemesis","commodities":[{"Name":"Aluminium","Type":"aluminium","Required":515,"Have":0},{"Name":"Ceramic Composites","Type":"ceramiccomposites","Required":497,"Have":0},{"Name":"CMM Composite","Type":"cmmcomposite","Required":3912,"Have":0},{"Name":"Computer Components","Type":"computercomponents","Required":50,"Have":0},{"Name":"Copper","Type":"copper","Required":218,"Have":0},{"Name":"Food Cartridges","Type":"foodcartridges","Required":94,"Have":0},{"Name":"Fruit and Vegetables","Type":"fruitandvegetables","Required":50,"Have":0},{"Name":"Insulating Membrane","Type":"insulatingmembrane","Required":311,"Have":0},{"Name":"Liquid Oxygen","Type":"liquidoxygen","Required":1553,"Have":0},{"Name":"Medical Diagnostic Equipment","Type":"medicaldiagnosticequipment","Required":13,"Have":0},{"Name":"Non-Lethal Weapons","Type":"nonlethalweapons","Required":13,"Have":0},{"Name":"Polymers","Type":"polymers","Required":497,"Have":0},{"Name":"Power Generators","Type":"powergenerators","Required":19,"Have":0},{"Name":"Semiconductors","Type":"semiconductors","Required":56,"Have":0},{"Name":"Steel","Type":"steel","Required":5588,"Have":0},{"Name":"Superconductors","Type":"superconductors","Required":100,"Have":0},{"Name":"Titanium","Type":"titanium","Required":4843,"Have":0},{"Name":"Water","Type":"water","Required":621,"Have":0},{"Name":"Water Purifiers","Type":"waterpurifiers","Required":38,"Have":0}]}
{"ID":"11","location":"Orbital","category":"Installation","Type":"Satellite","Build":"Satellite Installation","variant":"Hermes, Angelia, Eirene","commodities":[{"Name":"Aluminium","Type":"aluminium","Required":1322,"Have":0},{"Name":"Ceramic Composites","Type":"ceramiccomposites","Required":85,"Have":0},{"Name":"Computer Components","Type":"computercomponents","Required":22,"Have":0},{"Name":"Copper","Type":"copper","Required":85,"Have":0},{"Name":"Food Cartridges","Type":"foodcartridges","Required":26,"Have":0},{"Name":"Fruit and Vegetables","Type":"fruitandvegetables","Required":9,"Have":0},{"Name":"Insulating Membrane","Type":"insulatingmembrane","Required":106,"Have":0},{"Name":"Liquid Oxygen","Type":"liquidoxygen","Required":678,"Have":0},{"Name":"Micro Controllers","Type":"microcontrollers","Required":13,"Have":0},{"Name":"Polymers","Type":"polymers","Required":170,"Have":0},{"Name":"Power Generators","Type":"powergenerators","Required":9,"Have":0},{"Name":"Semiconductors","Type":"semiconductors","Required":34,"Have":0},{"Name":"Steel","Type":"steel","Required":2542,"Have":0},{"Name":"Superconductors","Type":"superconductors","Required":60,"Have":0},{"Name":"Titanium","Type":"titanium","Required":1525,"Have":0},{"Name":"Water","Type":"water","Required":22,"Have":0},{"Name":"Water Purifiers","Type":"waterpurifiers","Required":13,"Have":0}]}
{"ID":"12","location":"Orbital","category":"Installation","Type":"Communication Station","Build":"Comms Installation","variant":"Pistis, Soter, Aletheia","commodities":[{"Name":"Aluminium","Type":"aluminium","Required":1322,"Have":0},{"Name":"Ceramic Composites","Type":"ceramiccomposites","Required":85,"Have":0},{"Name":"Computer Components","Type":"computercomponents","Required":22,"Have":0},{"Name":"Copper","Type":"copper","Required":85,"Have":0},{"Name":"Food Cartridges","Type":"foodcartridges","Required":26,"Have":0},{"Name":"Fruit and Vegetables","Type":"fruitandvegetables","Required":9,"Have":0},{"Name":"Insulating Membrane","Type":"insulatingmembrane","Required":106,"Have":0},{"Name":"Liquid Oxygen","Type":"liquidoxygen","Required":678,"Have":0},{"Name":"Micro Controllers","Type":"microcontrollers","Required":13,"Have":0},{"Name":"Polymers","Type":"polymers","Required":170,"Have":0},{"Name":"Power Generators","Type":"powergenerators","Required":9,"Have":0},{"Name":"Semiconductors","Type":"semiconductors","Required":34,"Have":0},{"Name":"Steel","Type":"steel","Required":2542,"Have":0},{"Name":"Superconductors","Type":"superconductors","Required":60,"Have":0},{"Name":"Titanium","Type":"titanium","Required":1525,"Have":0},{"Name":"Water","Type":"water","Required":22,"Have":0},{"Name":"Water Purifiers","Type":"waterpurifiers","Required":13,"Have":0}]}
{"ID":"13","location":"Orbital","category":"Installation","Type":"Space Farm","Build":"Agricultural Installation","variant":"Demeter","commodities":[{"Name":"Agri-Medicines","Type":"agriculturalmedicines","Required":115,"Have":0},{"Name":"Aluminium","Type":"aluminium","Required":842,"Have":0},{"Name":"Biowaste","Type":"biowaste","Required":153,"Have":0},{"Name":"Ceramic Composites","Type":"ceramiccomposites","Required":77,"Have":0},{"Name":"Computer Components","Type":"computercomponents","Required":12,"Have":0},{"Name":"Copper","Type":"copper","Required":46,"Have":0},{"Name":"Crop Harvesters","Type":"cropharvesters","Required":77,"Have":0},{"Name":"Food Cartridges","Type":"foodcartridges","Required":46,"Have":0},{"Name":"Fruit and Vegetables","Type":"fruitandvegetables","Required":69,"Have":0},{"Name":"Grain","Type":"grain","Required":92,"Have":0},{"Name":"Insulating Membrane","Type":"insulatingmembrane","Required":192,"Have":0},{"Name":"Liquid Oxygen","Type":"liquidoxygen","Required":1071,"Have":0},{"Name":"Pesticides","Type":"pesticides","Required":123,"Have":0},{"Name":"Polymers","Type":"polymers","Required":230,"Have":0},{"Name":"Power Generators","Type":"powergenerators","Required":8,"Have":0},{"Name":"Steel","Type":"steel","Required":1912,"Have":0},{"Name":"Titanium","Type":"titanium","Required":1453,"Have":0},{"Name":"Water","Type":"water","Required":173,"Have":0},{"Name":"Water Purifiers","Type":"waterpurifiers","Required":31,"Have":0}]}
{"ID":"14","location":"Orbital","category":"Installation","Type":"Pirate Base","Build":"Pirate Installation","variant":"Apate, Laverna","commodities":[{"Name":"Aluminium","Type":"aluminium","Required":1233,"Have":0},{"Name":"Battle Weapons","Type":"battleweapons","Required":23,"Have":0},{"Name":"Beer","Type":"beer","Required":380,"Have":0},{"Name":"Ceramic Composites","Type":"ceramiccomposites","Required":95,"Have":0},{"Name":"Computer Components","Type":"computercomponents","Required":19,"Have":0},{"Name":"Copper","Type":"copper","Required":57,"Have":0},{"Name":"Food Cartridges","Type":"foodcartridges","Required":61,"Have":0},{"Name":"Fruit and Vegetables","Type":"fruitandvegetables","Required":16,"Have":0},{"Name":"Insulating Membrane","Type":"insulatingmembrane","Required":95,"Have":0},{"Name":"Liquid Oxygen","Type":"liquidoxygen","Required":911,"Have":0},{"Name":"Liquor","Type":"liquor","Required":228,"Have":0},{"Name":"Polymers","Type":"polymers","Required":190,"Have":0},{"Name":"Power Generators","Type":"powergenerators","Required":8,"Have":0},{"Name":"Reactive Armour","Type":"reactivearmour","Required":23,"Have":0},{"Name":"Steel","Type":"steel","Required":1707,"Have":0},{"Name":"Titanium","Type":"titanium","Required":1594,"Have":0},{"Name":"Water","Type":"water","Required":65,"Have":0},{"Name":"Water Purifiers","Type":"waterpurifiers","Required":16,"Have":0}]}
{"ID":"15","location":"Orbital","category":"Installation","Type":"Mining Outpost","Build":"Industrial Installation","variant":"Euthenia, Phorcys","commodities":[{"Name":"Aluminium","Type":"aluminium","Required":921,"Have":0},{"Name":"Bioreducing Lichen","Type":"bioreducinglichen","Required":172,"Have":0},{"Name":"Ceramic Composites","Type":"ceramiccomposites","Required":86,"Have":0},{"Name":"Computer Components","Type":"computercomponents","Required":13,"Have":0},{"Name":"Copper","Type":"copper","Required":52,"Have":0},{"Name":"Food Cartridges","Type":"foodcartridges","Required":52,"Have":0},{"Name":"Fruit and Vegetables","Type":"fruitandvegetables","Required":18,"Have":0},{"Name":"Geological Equipment","Type":"geologicalequipment","Required":26,"Have":0},{"Name":"H.E. Suits","Type":"hazardousenvironmentsuits","Required":13,"Have":0},{"Name":"Insulating Membrane","Type":"insulatingmembrane","Required":129,"Have":0},{"Name":"Liquid Oxygen","Type":"liquidoxygen","Required":1028,"Have":0},{"Name":"Muon Imager","Type":"mutomimager","Required":43,"Have":0},{"Name":"Polymers","Type":"polymers","Required":215,"Have":0},{"Name":"Power Generators","Type":"powergenerators","Required":9,"Have":0},{"Name":"Resonating Separators","Type":"resonatingseparators","Required":22,"Have":0},{"Name":"Robotics","Type":"robotics","Required":60,"Have":0},{"Name":"Steel","Type":"steel","Required":2141,"Have":0},{"Name":"Titanium","Type":"titanium","Required":1628,"Have":0},{"Name":"Water","Type":"water","Required":73,"Have":0},{"Name":"Water Purifiers","Type":"waterpurifiers","Required":22,"Have":0}]}
{"ID":"16","location":"Orbital","category":"Installation","Type":"Relay Station","Build":"Relay Installation","variant":"Enodia, Ichnaea","commodities":[{"Name":"Aluminium","Type":"aluminium","Required":1033,"Have":0},{"Name":"Ceramic Composites","Type":"ceramiccomposites","Required":98,"Have":0},{"Name":"Computer Components","Type":"computercomponents","Required":25,"Have":0},{"Name":"Copper","Type":"copper","Required":88,"Have":0},{"Name":"Food Cartridges","Type":"foodcartridges","Required":30,"Have":0},{"Name":"Fruit and Vegetables","Type":"fruitandvegetables","Required":10,"Have":0},{"Name":"Insulating Membrane","Type":"insulatingmembrane","Required":122,"Have":0},{"Name":"Liquid Oxygen","Type":"liquidoxygen","Required":780,"Have":0},{"Name":"Polymers","Type":"polymers","Required":195,"Have":0},{"Name":"Power Generators","Type":"powergenerators","Required":10,"Have":0},{"Name":"Semiconductors","Type":"semiconductors","Required":39,"Have":0},{"Name":"Steel","Type":"steel","Required":2437,"Have":0},{"Name":"Superconductors","Type":"superconductors","Required":59,"Have":0},{"Name":"Titanium","Type":"titanium","Required":1755,"Have":0},{"Name":"Water","Type":"water","Required":25,"Have":0},{"Name":"Water Purifiers","Type":"waterpurifiers","Required":15,"Have":0}]}
{"ID":"17","location":"Orbital","category":"Installation","Type":"Military","Build":"Military Installation","variant":"Vacuna, Alastor","commodities":[{"Name":"Aluminium","Type":"aluminium","Required":1317,"Have":0},{"Name":"Basic Medicines","Type":"basicmedicines","Required":24,"Have":0},{"Name":"Battle Weapons","Type":"battleweapons","Required":30,"Have":0},{"Name":"Ceramic Composites","Type":"ceramiccomposites","Required":238,"Have":0},{"Name":"CMM Composite","Type":"cmmcomposite","Required":356,"Have":0},{"Name":"Combat Stabilizers","Type":"combatstabilizers","Required":48,"Have":0},{"Name":"Computer Components","Type":"computercomponents","Required":42,"Have":0},{"Name":"Copper","Type":"copper","Required":131,"Have":0},{"Name":"Food Cartridges","Type":"foodcartridges","Required":107,"Have":0},{"Name":"Fruit and Vegetables","Type":"fruitandvegetables","Required":48,"Have":0},{"Name":"Insulating Membrane","Type":"insulatingmembrane","Required":178,"Have":0},{"Name":"Liquid Oxygen","Type":"liquidoxygen","Required":1424,"Have":0},{"Name":"Micro Controllers","Type":"microcontrollers","Required":18,"Have":0},{"Name":"Military Grade Fabrics","Type":"militarygradefabrics","Required":36,"Have":0},{"Name":"Polymers","Type":"polymers","Required":416,"Have":0},{"Name":"Power Generators","Type":"powergenerators","Required":18,"Have":0},{"Name":"Reactive Armour","Type":"reactivearmour","Required":30,"Have":0},{"Name":"Steel","Type":"steel","Required":2966,"Have":0},{"Name":"Titanium","Type":"titanium","Required":2373,"Have":0},{"Name":"Water","Type":"water","Required":238,"Have":0},{"Name":"Water Purifiers","Type":"waterpurifiers","Required":42,"Have":0}]}
{"ID":"18","location":"Orbital","category":"Installation","Type":"Security Station","Build":"Security Installation","variant":"Dicaeosyne, Poena, Eunomia, Nomos","commodities":[{"Name":"Aluminium","Type":"aluminium","Required":1774,"Have":0},{"Name":"Battle Weapons","Type":"battleweapons","Required":19,"Have":0},{"Name":"Ceramic Composites","Type":"ceramiccomposites","Required":122,"Have":0},{"Name":"Combat Stabilizers","Type":"combatstabilizers","Required":25,"Have":0},{"Name":"Computer Components","Type":"computercomponents","Required":31,"Have":0},{"Name":"Copper","Type":"copper","Required":122,"Have":0},{"Name":"Food Cartridges","Type":"foodcartridges","Required":37,"Have":0},{"Name":"Fruit and Vegetables","Type":"fruitandvegetables","Required":13,"Have":0},{"Name":"Insulating Membrane","Type":"insulatingmembrane","Required":183,"Have":0},{"Name":"Liquid Oxygen","Type":"liquidoxygen","Required":1458,"Have":0},{"Name":"Military Grade Fabrics","Type":"militarygradefabrics","Required":19,"Have":0},{"Name":"Non-Lethal Weapons","Type":"nonlethalweapons","Required":19,"Have":0},{"Name":"Polymers","Type":"polymers","Required":243,"Have":0},{"Name":"Power Generators","Type":"powergenerators","Required":13,"Have":0},{"Name":"Steel","Type":"steel","Required":3645,"Have":0},{"Name":"Titanium","Type":"titanium","Required":2309,"Have":0},{"Name":"Water","Type":"water","Required":31,"Have":0},{"Name":"Water Purifiers","Type":"waterpurifiers","Required":19,"Have":0}]}
{"ID":"19","location":"Orbital","category":"Installation","Type":"Government","Build":"Government Installation","variant":"Harmonia","commodities":[{"Name":"Aluminium","Type":"aluminium","Required":1959,"Have":0},{"Name":"Ceramic Composites","Type":"ceramiccomposites","Required":154,"Have":0},{"Name":"Computer Components","Type":"computercomponents","Required":13,"Have":0},{"Name":"Copper","Type":"copper","Required":93,"Have":0},{"Name":"Food Cartridges","Type":"foodcartridges","Required":93,"Have":0},{"Name":"Fruit and Vegetables","Type":"fruitandvegetables","Required":37,"Have":0},{"Name":"Insulating Membrane","Type":"insulatingmembrane","Required":247,"Have":0},{"Name":"Liquid Oxygen","Type":"liquidoxygen","Required":1479,"Have":0},{"Name":"Non-Lethal Weapons","Type":"nonlethalweapons","Required":13,"Have":0},{"Name":"Polymers","Type":"polymers","Required":370,"Have":0},{"Name":"Power Generators","Type":"powergenerators","Required":13,"Have":0},{"Name":"Steel","Type":"steel","Required":3080,"Have":0},{"Name":"Titanium","Type":"titanium","Required":2341,"Have":0},{"Name":"Water","Type":"water","Required":154,"Have":0},{"Name":"Water Purifiers","Type":"waterpurifiers","Required":31,"Have":0}]}
{"ID":"20","location":"Orbital","category":"Installation","Type":"Medical","Build":"Medical Installation","variant":"Asclepius, Eupraxia","commodities":[{"Name":"Aluminium","Type":"aluminium","Required":1357,"Have":0},{"Name":"Basic Medicines","Type":"basicmedicines","Required":50,"Have":0},{"Name":"Ceramic Composites","Type":"ceramiccomposites","Required":155,"Have":0},{"Name":"Combat Stabilizers","Type":"combatstabilizers","Required":19,"Have":0},{"Name":"Computer Components","Type":"computercomponents","Required":31,"Have":0},{"Name":"Copper","Type":"copper","Required":112,"Have":0},{"Name":"Food Cartridges","Type":"foodcartridges","Required":75,"Have":0},{"Name":"Fruit and Vegetables","Type":"fruitandvegetables","Required":50,"Have":0},{"Name":"H.E. Suits","Type":"hazardousenvironmentsuits","Required":25,"Have":0},{"Name":"Insulating Membrane","Type":"insulatingmembrane","Required":309,"Have":0},{"Name":"Liquid Oxygen","Type":"liquidoxygen","Required":1727,"Have":0},{"Name":"Medical Diagnostic Equipment","Type":"medicaldiagnosticequipment","Required":99,"Have":0},{"Name":"Polymers","Type":"polymers","Required":371,"Have":0},{"Name":"Power Generators","Type":"powergenerators","Required":19,"Have":0},{"Name":"Steel","Type":"steel","Required":3084,"Have":0},{"Name":"Titanium","Type":"titanium","Required":2282,"Have":0},{"Name":"Water","Type":"water","Required":278,"Have":0},{"Name":"Water Purifiers","Type":"waterpurifiers","Required":38,"Have":0}]}
{"ID":"21","location":"Orbital","category":"Installation","Type":"Research Station","Build":"Scientific Installation","variant":"Astraeus, Coeus, Dodona, Dione","commodities":[{"Name":"Advanced Catalysers","Type":"advancedcatalysers","Required":44,"Have":0},{"Name":"Aluminium","Type":"aluminium","Required":1380,"Have":0},{"Name":"Basic Medicines","Type":"basicmedicines","Required":13,"Have":0},{"Name":"Ceramic Composites","Type":"ceramiccomposites","Required":157,"Have":0},{"Name":"Computer Components","Type":"computercomponents","Required":38,"Have":0},{"Name":"Copper","Type":"copper","Required":126,"Have":0},{"Name":"Food Cartridges","Type":"foodcartridges","Required":76,"Have":0},{"Name":"Fruit and Vegetables","Type":"fruitandvegetables","Required":26,"Have":0},{"Name":"Geological Equipment","Type":"geologicalequipment","Required":26,"Have":0},{"Name":"H.E. Suits","Type":"hazardousenvironmentsuits","Required":32,"Have":0},{"Name":"Insulating Membrane","Type":"insulatingmembrane","Required":314,"Have":0},{"Name":"Liquid Oxygen","Type":"liquidoxygen","Required":1506,"Have":0},{"Name":"Medical Diagnostic Equipment","Type":"medicaldiagnosticequipment","Required":51,"Have":0},{"Name":"Micro Controllers","Type":"microcontrollers","Required":13,"Have":0},{"Name":"Muon Imager","Type":"mutomimager","Required":38,"Have":0},{"Name":"Polymers","Type":"polymers","Required":377,"Have":0},{"Name":"Power Generators","Type":"powergenerators","Required":13,"Have":0},{"Name":"Semiconductors","Type":"semiconductors","Required":51,"Have":0},{"Name":"Steel","Type":"steel","Required":3136,"Have":0},{"Name":"Superconductors","Type":"superconductors","Required":88,"Have":0},{"Name":"Titanium","Type":"titanium","Required":2383,"Have":0},{"Name":"Water","Type":"water","Required":157,"Have":0},{"Name":"Water Purifiers","Type":"waterpurifiers","Required":38,"Have":0}]}
{"ID":"22","location":"Orbital","category":"Installation","Type":"Tourist","Build":"Tourist Installation","variant":"Hedone, Opora, Pasithea","commodities":[{"Name":"Aluminium","Type":"aluminium","Required":1269,"Have":0},{"Name":"Animal Meat","Type":"animalmeat","Required":78,"Have":0},{"Name":"Beer","Type":"beer","Required":389,"Have":0},{"Name":"Ceramic Composites","Type":"ceramiccomposites","Required":130,"Have":0},{"Name":"Coffee","Type":"coffee","Required":130,"Have":0},{"Name":"Computer Components","Type":"computercomponents","Required":13,"Have":0},{"Name":"Copper","Type":"copper","Required":78,"Have":0},{"Name":"Fish","Type":"fish","Required":39,"Have":0},{"Name":"Fruit and Vegetables","Type":"fruitandvegetables","Required":65,"Have":0},{"Name":"Insulating Membrane","Type":"insulatingmembrane","Required":259,"Have":0},{"Name":"Liquid Oxygen","Type":"liquidoxygen","Required":1813,"Have":0},{"Name":"Liquor","Type":"liquor","Required":195,"Have":0},{"Name":"Polymers","Type":"polymers","Required":324,"Have":0},{"Name":"Power Generators","Type":"powergenerators","Required":13,"Have":0},{"Name":"Steel","Type":"steel","Required":2598,"Have":0},{"Name":"Tea","Type":"tea","Required":259,"Have":0},{"Name":"Titanium","Type":"titanium","Required":1813,"Have":0},{"Name":"Water","Type":"water","Required":324,"Have":0},{"Name":"Water Purifiers","Type":"waterpurifiers","Required":39,"Have":0},{"Name":"Wine","Type":"wine","Required":259,"Have":0}]}
{"ID":"23","location":"Orbital","category":"Installation","Type":"Bar","Build":"Space Bar","variant":"Dionysus, Bacchus","commodities":[{"Name":"Aluminium","Type":"aluminium","Required":1217,"Have":0},{"Name":"Animal Meat","Type":"animalmeat","Required":38,"Have":0},{"Name":"Beer","Type":"beer","Required":497,"Have":0},{"Name":"Ceramic Composites","Type":"ceramiccomposites","Required":125,"Have":0},{"Name":"Coffee","Type":"coffee","Required":63,"Have":0},{"Name":"Computer Components","Type":"computercomponents","Required":13,"Have":0},{"Name":"Copper","Type":"copper","Required":75,"Have":0},{"Name":"Fish","Type":"fish","Required":19,"Have":0},{"Name":"Fruit and Vegetables","Type":"fruitandvegetables","Required":38,"Have":0},{"Name":"Insulating Membrane","Type":"insulatingmembrane","Required":249,"Have":0},{"Name":"Liquid Oxygen","Type":"liquidoxygen","Required":1738,"Have":0},{"Name":"Liquor","Type":"liquor","Required":311,"Have":0},{"Name":"Polymers","Type":"polymers","Required":311,"Have":0},{"Name":"Power Generators","Type":"powergenerators","Required":13,"Have":0},{"Name":"Steel","Type":"steel","Required":2483,"Have":0},{"Name":"Tea","Type":"tea","Required":178,"Have":0},{"Name":"Titanium","Type":"titanium","Required":1738,"Have":0},{"Name":"Water","Type":"water","Required":311,"Have":0},{"Name":"Water Purifiers","Type":"waterpurifiers","Required":38,"Have":0},{"Name":"Wine","Type":"wine","Required":621,"Have":0}]}
{"ID":"24","location":"Surface","category":"Planetary Port","Type":"Outpost","Build":"Civilian","variant":"Hestia, Decima, Atropos, Nona, Lachesis, Clotho","commodities":[{"Name":"Aluminium","Type":"aluminium","Required":7047,"Have":0},{"Name":"Building Fabricators","Type":"buildingfabricators","Required":407,"Have":0},{"Name":"Ceramic Composites","Type":"ceramiccomposites","Required":814,"Have":0},{"Name":"CMM Composite","Type":"cmmcomposite","Required":6776,"Have":0},{"Name":"Computer Components","Type":"computercomponents","Required":102,"Have":0},{"Name":"Copper","Type":"copper","Required":407,"Have":0},{"Name":"Emergency Power Cells","Type":"emergencypowercells","Required":68,"Have":0},{"Name":"Evacuation Shelter","Type":"evacuationshelter","Required":204,"Have":0},{"Name":"Food Cartridges","Type":"foodcartridges","Required":136,"Have":0},{"Name":"Fruit and Vegetables","Type":"fruitandvegetables","Required":95,"Have":0},{"Name":"Land Enrichment Systems","Type":"terrainenrichmentsystems","Required":68,"Have":0},{"Name":"Liquid Oxygen","Type":"liquidoxygen","Required":2372,"Have":0},{"Name":"Medical Diagnostic Equipment","Type":"medicaldiagnosticequipment","Required":48,"Have":0},{"Name":"Non-Lethal Weapons","Type":"nonlethalweapons","Required":34,"Have":0},{"Name":"Polymers","Type":"polymers","Required":678,"Have":0},{"Name":"Power Generators","Type":"powergenerators","Required":68,"Have":0},{"Name":"Semiconductors","Type":"semiconductors","Required":102,"Have":0},{"Name":"Steel","Type":"steel","Required":10164,"Have":0},{"Name":"Structural Regulators","Type":"structuralregulators","Required":678,"Have":0},{"Name":"Superconductors","Type":"superconductors","Required":136,"Have":0},{"Name":"Surface Stabilisers","Type":"surfacestabilisers","Required":610,"Have":0},{"Name":"Survival Equipment","Type":"survivalequipment","Required":55,"Have":0},{"Name":"Titanium","Type":"titanium","Required":5760,"Have":0}]}
{"ID":"25","location":"Surface","category":"Planetary Port","Type":"Outpost","Build":"Industrial","variant":"Hephaestus, Opis, Ponos, Tethys, Bia, Mefitis","commodities":[{"Name":"Aluminium","Type":"aluminium","Required":7047,"Have":0},{"Name":"Building Fabricators","Type":"buildingfabricators","Required":407,"Have":0},{"Name":"Ceramic Composites","Type":"ceramiccomposites","Required":814,"Have":0},{"Name":"CMM Composite","Type":"cmmcomposite","Required":6776,"Have":0},{"Name":"Computer Components","Type":"computercomponents","Required":102,"Have":0},{"Name":"Copper","Type":"copper","Required":407,"Have":0},{"Name":"Emergency Power Cells","Type":"emergencypowercells","Required":68,"Have":0},{"Name":"Evacuation Shelter","Type":"evacuationshelter","Required":204,"Have":0},{"Name":"Food Cartridges","Type":"foodcartridges","Required":136,"Have":0},{"Name":"Fruit and Vegetables","Type":"fruitandvegetables","Required":95,"Have":0},{"Name":"Land Enrichment Systems","Type":"terrainenrichmentsystems","Required":68,"Have":0},{"Name":"Liquid Oxygen","Type":"liquidoxygen","Required":2372,"Have":0},{"Name":"Medical Diagnostic Equipment","Type":"medicaldiagnosticequipment","Required":48,"Have":0},{"Name":"Non-Lethal Weapons","Type":"nonlethalweapons","Required":34,"Have":0},{"Name":"Polymers","Type":"polymers","Required":678,"Have":0},{"Name":"Power Generators","Type":"powergenerators","Required":68,"Have":0},{"Name":"Semiconductors","Type":"semiconductors","Required":102,"Have":0},{"Name":"Steel","Type":"steel","Required":10164,"Have":0},{"Name":"Structural Regulators","Type":"structuralregulators","Required":678,"Have":0},{"Name":"Superconductors","Type":"superconductors","Required":136,"Have":0},{"Name":"Surface Stabilisers","Type":"surfacestabilisers","Required":610,"Have":0},{"Name":"Survival Equipment","Type":"survivalequipment","Required":55,"Have":0},{"Name":"Titanium","Type":"titanium","Required":5760,"Have":0}]}
{"ID":"26","location":"Surface","category":"Planetary Port","Type":"Outpost","Build":"Scientific","variant":"Necessitas, Ananke, Fauna, Providentia, Antevorta, Porrima","commodities":[{"Name":"Aluminium","Type":"aluminium","Required":6716,"Have":0},{"Name":"Building Fabricators","Type":"buildingfabricators","Required":426,"Have":0},{"Name":"Ceramic Composites","Type":"ceramiccomposites","Required":837,"Have":0},{"Name":"CMM Composite","Type":"cmmcomposite","Required":7048,"Have":0},{"Name":"Computer Components","Type":"computercomponents","Required":99,"Have":0},{"Name":"Copper","Type":"copper","Required":395,"Have":0},{"Name":"Emergency Power Cells","Type":"emergencypowercells","Required":69,"Have":0},{"Name":"Evacuation Shelter","Type":"evacuationshelter","Required":196,"Have":0},{"Name":"Food Cartridges","Type":"foodcartridges","Required":137,"Have":0},{"Name":"Fruit and Vegetables","Type":"fruitandvegetables","Required":94,"Have":0},{"Name":"Land Enrichment Systems","Type":"terrainenrichmentsystems","Required":67,"Have":0},{"Name":"Liquid Oxygen","Type":"liquidoxygen","Required":2326,"Have":0},{"Name":"Medical Diagnostic Equipment","Type":"medicaldiagnosticequipment","Required":50,"Have":0},{"Name":"Non-Lethal Weapons","Type":"nonlethalweapons","Required":34,"Have":0},{"Name":"Polymers","Type":"polymers","Required":676,"Have":0},{"Name":"Power Generators","Type":"powergenerators","Required":69,"Have":0},{"Name":"Semiconductors","Type":"semiconductors","Required":98,"Have":0},{"Name":"Steel","Type":"steel","Required":10053,"Have":0},{"Name":"Structural Regulators","Type":"structuralregulators","Required":655,"Have":0},{"Name":"Superconductors","Type":"superconductors","Required":141,"Have":0},{"Name":"Surface Stabilisers","Type":"surfacestabilisers","Required":605,"Have":0},{"Name":"Survival Equipment","Type":"survivalequipment","Required":54,"Have":0},{"Name":"Titanium","Type":"titanium","Required":5494,"Have":0}]}
{"ID":"27","location":"Surface","category":"Planetary Port","Type":"Port","Build":"","variant":"Zeus, Hera, Poseidon, Aphrodite","commodities":[{"Name":"Aluminium","Type":"aluminium","Required":42282,"Have":0},{"Name":"Building Fabricators","Type":"buildingfabricators","Required":2442,"Have":0},{"Name":"Ceramic Composites","Type":"ceramiccomposites","Required":4884,"Have":0},{"Name":"CMM Composite","Type":"cmmcomposite","Required":40656,"Have":0},{"Name":"Computer Components","Type":"computercomponents","Required":408,"Have":0},{"Name":"Copper","Type":"copper","Required":2442,"Have":0},{"Name":"Emergency Power Cells","Type":"emergencypowercells","Required":272,"Have":0},{"Name":"Evacuation Shelter","Type":"evacuationshelter","Required":816,"Have":0},{"Name":"Food Cartridges","Type":"foodcartridges","Required":544,"Have":0},{"Name":"Fruit and Vegetables","Type":"fruitandvegetables","Required":380,"Have":0},{"Name":"Land Enrichment Systems","Type":"terrainenrichmentsystems","Required":272,"Have":0},{"Name":"Liquid Oxygen","Type":"liquidoxygen","Required":14232,"Have":0},{"Name":"Medical Diagnostic Equipment","Type":"medicaldiagnosticequipment","Required":44,"Have":0},{"Name":"Non-Lethal Weapons","Type":"nonlethalweapons","Required":136,"Have":0},{"Name":"Polymers","Type":"polymers","Required":2712,"Have":0},{"Name":"Power Generators","Type":"powergenerators","Required":272,"Have":0},{"Name":"Semiconductors","Type":"semiconductors","Required":408,"Have":0},{"Name":"Steel","Type":"steel","Required":60984,"Have":0},{"Name":"Structural Regulators","Type":"structuralregulators","Required":2712,"Have":0},{"Name":"Superconductors","Type":"superconductors","Required":544,"Have":0},{"Name":"Surface Stabilisers","Type":"surfacestabilisers","Required":3660,"Have":0},{"Name":"Survival Equipment","Type":"survivalequipment","Required":220,"Have":0},{"Name":"Titanium","Type":"titanium","Required":34560,"Have":0}]}
{"ID":"28","location":"Surface","category":"Settlement","Type":"Agriculture Tier 1","Build":"Small","variant":"Consus (S)","commodities":[{"Name":"Aluminium","Type":"aluminium","Required":559,"Have":0},{"Name":"Biowaste","Type":"biowaste","Required":280,"Have":0},{"Name":"Building Fabricators","Type":"buildingfabricators","Required":42,"Have":0},{"Name":"Ceramic Composites","Type":"ceramiccomposites","Required":28,"Have":0},{"Name":"Computer Components","Type":"computercomponents","Required":14,"Have":0},{"Name":"Copper","Type":"copper","Required":21,"Have":0},{"Name":"Crop Harvesters","Type":"cropharvesters","Required":210,"Have":0},{"Name":"Emergency Power Cells","Type":"emergencypowercells","Required":84,"Have":0},{"Name":"Evacuation Shelter","Type":"evacuationshelter","Required":14,"Have":0},{"Name":"Food Cartridges","Type":"foodcartridges","Required":42,"Have":0},{"Name":"Fruit and Vegetables","Type":"fruitandvegetables","Required":63,"Have":0},{"Name":"Grain","Type":"grain","Required":77,"Have":0},{"Name":"Land Enrichment Systems","Type":"terrainenrichmentsystems","Required":70,"Have":0},{"Name":"Liquid Oxygen","Type":"liquidoxygen","Required":224,"Have":0},{"Name":"Pesticides","Type":"pesticides","Required":126,"Have":0},{"Name":"Polymers","Type":"polymers","Required":91,"Have":0},{"Name":"Steel","Type":"steel","Required":768,"Have":0},{"Name":"Structural Regulators","Type":"structuralregulators","Required":56,"Have":0},{"Name":"Surface Stabilisers","Type":"surfacestabilisers","Required":56,"Have":0},{"Name":"Survival Equipment","Type":"survivalequipment","Required":14,"Have":0}]}
{"ID":"29","location":"Surface","category":"Settlement","Type":"Agriculture Tier 1","Build":"Medium","variant":"Picumnus (L), Annona (S)","commodities":[{"Name":"Aluminium","Type":"aluminium","Required":1118,"Have":0},{"Name":"Biowaste","Type":"biowaste","Required":560,"Have":0},{"Name":"Building Fabricators","Type":"buildingfabricators","Required":84,"Have":0},{"Name":"Ceramic Composites","Type":"ceramiccomposites","Required":56,"Have":0},{"Name":"Computer Components","Type":"computercomponents","Required":28,"Have":0},{"Name":"Copper","Type":"copper","Required":42,"Have":0},{"Name":"Crop Harvesters","Type":"cropharvesters","Required":420,"Have":0},{"Name":"Emergency Power Cells","Type":"emergencypowercells","Required":168,"Have":0},{"Name":"Evacuation Shelter","Type":"evacuationshelter","Required":28,"Have":0},{"Name":"Food Cartridges","Type":"foodcartridges","Required":84,"Have":0},{"Name":"Fruit and Vegetables","Type":"fruitandvegetables","Required":126,"Have":0},{"Name":"Grain","Type":"grain","Required":154,"Have":0},{"Name":"Land Enrichment Systems","Type":"terrainenrichmentsystems","Required":140,"Have":0},{"Name":"Liquid Oxygen","Type":"liquidoxygen","Required":448,"Have":0},{"Name":"Pesticides","Type":"pesticides","Required":252,"Have":0},{"Name":"Polymers","Type":"polymers","Required":182,"Have":0},{"Name":"Steel","Type":"steel","Required":1536,"Have":0},{"Name":"Structural Regulators","Type":"structuralregulators","Required":112,"Have":0},{"Name":"Surface Stabilisers","Type":"surfacestabilisers","Required":112,"Have":0},{"Name":"Survival Equipment","Type":"survivalequipment","Required":28,"Have":0}]}
{"ID":"30","location":"Surface","category":"Settlement","Type":"Agriculture Tier 2","Build":"Large","variant":"Ceres (L), Fornax (L)","commodities":[{"Name":"Aluminium","Type":"aluminium","Required":1677,"Have":0},{"Name":"Biowaste","Type":"biowaste","Required":840,"Have":0},{"Name":"Building Fabricators","Type":"buildingfabricators","Required":126,"Have":0},{"Name":"Ceramic Composites","Type":"ceramiccomposites","Required":84,"Have":0},{"Name":"Computer Components","Type":"computercomponents","Required":42,"Have":0},{"Name":"Copper","Type":"copper","Required":63,"Have":0},{"Name":"Crop Harvesters","Type":"cropharvesters","Required":630,"Have":0},{"Name":"Emergency Power Cells","Type":"emergencypowercells","Required":252,"Have":0},{"Name":"Evacuation Shelter","Type":"evacuationshelter","Required":42,"Have":0},{"Name":"Food Cartridges","Type":"foodcartridges","Required":126,"Have":0},{"Name":"Fruit and Vegetables","Type":"fruitandvegetables","Required":189,"Have":0},{"Name":"Grain","Type":"grain","Required":231,"Have":0},{"Name":"Land Enrichment Systems","Type":"terrainenrichmentsystems","Required":210,"Have":0},{"Name":"Liquid Oxygen","Type":"liquidoxygen","Required":672,"Have":0},{"Name":"Pesticides","Type":"pesticides","Required":378,"Have":0},{"Name":"Polymers","Type":"polymers","Required":273,"Have":0},{"Name":"Steel","Type":"steel","Required":2304,"Have":0},{"Name":"Structural Regulators","Type":"structuralregulators","Required":168,"Have":0},{"Name":"Surface Stabilisers","Type":"surfacestabilisers","Required":168,"Have":0},{"Name":"Survival Equipment","Type":"survivalequipment","Required":42,"Have":0}]}
{"ID":"31","location":"Surface","category":"Settlement","Type":"Extraction Tier 1","Build":"Small","variant":"Ourea (S)","commodities":[{"Name":"Aluminium","Type":"aluminium","Required":632,"Have":0},{"Name":"Bioreducing Lichen","Type":"bioreducinglichen","Required":162,"Have":0},{"Name":"Building Fabricators","Type":"buildingfabricators","Required":59,"Have":0},{"Name":"Ceramic Composites","Type":"ceramiccomposites","Required":59,"Have":0},{"Name":"Computer Components","Type":"computercomponents","Required":30,"Have":0},{"Name":"Copper","Type":"copper","Required":30,"Have":0},{"Name":"Emergency Power Cells","Type":"emergencypowercells","Required":96,"Have":0},{"Name":"Evacuation Shelter","Type":"evacuationshelter","Required":30,"Have":0},{"Name":"Food Cartridges","Type":"foodcartridges","Required":45,"Have":0},{"Name":"Fruit and Vegetables","Type":"fruitandvegetables","Required":30,"Have":0},{"Name":"Geological Equipment","Type":"geologicalequipment","Required":52,"Have":0},{"Name":"H.E. Suits","Type":"hazardousenvironmentsuits","Required":15,"Have":0},{"Name":"Liquid Oxygen","Type":"liquidoxygen","Required":177,"Have":0},{"Name":"Muon Imager","Type":"mutomimager","Required":45,"Have":0},{"Name":"Polymers","Type":"polymers","Required":118,"Have":0},{"Name":"Robotics","Type":"robotics","Required":59,"Have":0},{"Name":"Steel","Type":"steel","Required":1028,"Have":0},{"Name":"Structural Regulators","Type":"structuralregulators","Required":74,"Have":0},{"Name":"Surface Stabilisers","Type":"surfacestabilisers","Required":89,"Have":0},{"Name":"Survival Equipment","Type":"survivalequipment","Required":15,"Have":0}]}
{"ID":"32","location":"Surface","category":"Settlement","Type":"Extraction Tier 1","Build":"Medium","variant":"Mantus (M), Orcus (L)","commodities":[{"Name":"Aluminium","Type":"aluminium","Required":1264,"Have":0},{"Name":"Bioreducing Lichen","Type":"bioreducinglichen","Required":324,"Have":0},{"Name":"Building Fabricators","Type":"buildingfabricators","Required":118,"Have":0},{"Name":"Ceramic Composites","Type":"ceramiccomposites","Required":118,"Have":0},{"Name":"Computer Components","Type":"computercomponents","Required":60,"Have":0},{"Name":"Copper","Type":"copper","Required":60,"Have":0},{"Name":"Emergency Power Cells","Type":"emergencypowercells","Required":192,"Have":0},{"Name":"Evacuation Shelter","Type":"evacuationshelter","Required":60,"Have":0},{"Name":"Food Cartridges","Type":"foodcartridges","Required":90,"Have":0},{"Name":"Fruit and Vegetables","Type":"fruitandvegetables","Required":60,"Have":0},{"Name":"Geological Equipment","Type":"geologicalequipment","Required":104,"Have":0},{"Name":"H.E. Suits","Type":"hazardousenvironmentsuits","Required":30,"Have":0},{"Name":"Liquid Oxygen","Type":"liquidoxygen","Required":354,"Have":0},{"Name":"Muon Imager","Type":"mutomimager","Required":90,"Have":0},{"Name":"Polymers","Type":"polymers","Required":236,"Have":0},{"Name":"Robotics","Type":"robotics","Required":118,"Have":0},{"Name":"Steel","Type":"steel","Required":2056,"Have":0},{"Name":"Structural Regulators","Type":"structuralregulators","Required":148,"Have":0},{"Name":"Surface Stabilisers","Type":"surfacestabilisers","Required":178,"Have":0},{"Name":"Survival Equipment","Type":"survivalequipment","Required":30,"Have":0}]}
{"ID":"33","location":"Surface","category":"Settlement","Type":"Extraction Tier 2","Build":"Large","variant":"Erebus (L), Aerecura (L)","commodities":[{"Name":"Aluminium","Type":"aluminium","Required":1896,"Have":0},{"Name":"Bioreducing Lichen","Type":"bioreducinglichen","Required":486,"Have":0},{"Name":"Building Fabricators","Type":"buildingfabricators","Required":177,"Have":0},{"Name":"Ceramic Composites","Type":"ceramiccomposites","Required":177,"Have":0},{"Name":"Computer Components","Type":"computercomponents","Required":90,"Have":0},{"Name":"Copper","Type":"copper","Required":90,"Have":0},{"Name":"Emergency Power Cells","Type":"emergencypowercells","Required":288,"Have":0},{"Name":"Evacuation Shelter","Type":"evacuationshelter","Required":90,"Have":0},{"Name":"Food Cartridges","Type":"foodcartridges","Required":135,"Have":0},{"Name":"Fruit and Vegetables","Type":"fruitandvegetables","Required":90,"Have":0},{"Name":"Geological Equipment","Type":"geologicalequipment","Required":156,"Have":0},{"Name":"H.E. Suits","Type":"hazardousenvironmentsuits","Required":45,"Have":0},{"Name":"Liquid Oxygen","Type":"liquidoxygen","Required":531,"Have":0},{"Name":"Muon Imager","Type":"mutomimager","Required":135,"Have":0},{"Name":"Polymers","Type":"polymers","Required":354,"Have":0},{"Name":"Robotics","Type":"robotics","Required":177,"Have":0},{"Name":"Steel","Type":"steel","Required":3084,"Have":0},{"Name":"Structural Regulators","Type":"structuralregulators","Required":222,"Have":0},{"Name":"Surface Stabilisers","Type":"surfacestabilisers","Required":267,"Have":0},{"Name":"Survival Equipment","Type":"survivalequipment","Required":45,"Have":0}]}
{"ID":"34","location":"Surface","category":"Settlement","Type":"Industrial Tier 1","Build":"Small","variant":"Fontus (S)","commodities":[{"Name":"Advanced Catalysers","Type":"advancedcatalysers","Required":82,"Have":0},{"Name":"Aluminium","Type":"aluminium","Required":585,"Have":0},{"Name":"Building Fabricators","Type":"buildingfabricators","Required":110,"Have":0},{"Name":"Ceramic Composites","Type":"ceramiccomposites","Required":110,"Have":0},{"Name":"Copper","Type":"copper","Required":28,"Have":0},{"Name":"Emergency Power Cells","Type":"emergencypowercells","Required":56,"Have":0},{"Name":"Evacuation Shelter","Type":"evacuationshelter","Required":42,"Have":0},{"Name":"Food Cartridges","Type":"foodcartridges","Required":41,"Have":0},{"Name":"Fruit and Vegetables","Type":"fruitandvegetables","Required":28,"Have":0},{"Name":"H.E. Suits","Type":"hazardousenvironmentsuits","Required":28,"Have":0},{"Name":"Micro Controllers","Type":"microcontrollers","Required":28,"Have":0},{"Name":"Microbial Furnaces","Type":"heliostaticfurnaces","Required":164,"Have":0},{"Name":"Mineral Extractors","Type":"mineralextractors","Required":328,"Have":0},{"Name":"Polymers","Type":"polymers","Required":109,"Have":0},{"Name":"Resonating Separators","Type":"resonatingseparators","Required":28,"Have":0},{"Name":"Robotics","Type":"robotics","Required":110,"Have":0},{"Name":"Semiconductors","Type":"semiconductors","Required":14,"Have":0},{"Name":"Structural Regulators","Type":"structuralregulators","Required":136,"Have":0},{"Name":"Superconductors","Type":"superconductors","Required":14,"Have":0},{"Name":"Surface Stabilisers","Type":"surfacestabilisers","Required":136,"Have":0},{"Name":"Survival Equipment","Type":"survivalequipment","Required":28,"Have":0},{"Name":"Thermal Cooling Units","Type":"thermalcoolingunits","Required":28,"Have":0}]}
{"ID":"35","location":"Surface","category":"Settlement","Type":"Industrial Tier 1","Build":"Medium","variant":"Meteope (L), Palici (L), Minthe (M)","commodities":[{"Name":"Advanced Catalysers","Type":"advancedcatalysers","Required":164,"Have":0},{"Name":"Aluminium","Type":"aluminium","Required":1170,"Have":0},{"Name":"Building Fabricators","Type":"buildingfabricators","Required":220,"Have":0},{"Name":"Ceramic Composites","Type":"ceramiccomposites","Required":220,"Have":0},{"Name":"Copper","Type":"copper","Required":56,"Have":0},{"Name":"Emergency Power Cells","Type":"emergencypowercells","Required":112,"Have":0},{"Name":"Evacuation Shelter","Type":"evacuationshelter","Required":84,"Have":0},{"Name":"Food Cartridges","Type":"foodcartridges","Required":82,"Have":0},{"Name":"Fruit and Vegetables","Type":"fruitandvegetables","Required":56,"Have":0},{"Name":"H.E. Suits","Type":"hazardousenvironmentsuits","Required":56,"Have":0},{"Name":"Micro Controllers","Type":"microcontrollers","Required":56,"Have":0},{"Name":"Microbial Furnaces","Type":"heliostaticfurnaces","Required":328,"Have":0},{"Name":"Mineral Extractors","Type":"mineralextractors","Required":656,"Have":0},{"Name":"Polymers","Type":"polymers","Required":218,"Have":0},{"Name":"Resonating Separators","Type":"resonatingseparators","Required":56,"Have":0},{"Name":"Robotics","Type":"robotics","Required":220,"Have":0},{"Name":"Semiconductors","Type":"semiconductors","Required":28,"Have":0},{"Name":"Structural Regulators","Type":"structuralregulators","Required":272,"Have":0},{"Name":"Superconductors","Type":"superconductors","Required":28,"Have":0},{"Name":"Surface Stabilisers","Type":"surfacestabilisers","Required":272,"Have":0},{"Name":"Survival Equipment","Type":"survivalequipment","Required":56,"Have":0},{"Name":"Thermal Cooling Units","Type":"thermalcoolingunits","Required":56,"Have":0}]}
{"ID":"36","location":"Surface","category":"Settlement","Type":"Industrial Tier 2","Build":"Large","variant":"Gaea (L)","commodities":[{"Name":"Advanced Catalysers","Type":"advancedcatalysers","Required":246,"Have":0},{"Name":"Aluminium","Type":"aluminium","Required":1755,"Have":0},{"Name":"Building Fabricators","Type":"buildingfabricators","Required":330,"Have":0},{"Name":"Ceramic Composites","Type":"ceramiccomposites","Required":330,"Have":0},{"Name":"Copper","Type":"copper","Required":84,"Have":0},{"Name":"Emergency Power Cells","Type":"emergencypowercells","Required":168,"Have":0},{"Name":"Evacuation Shelter","Type":"evacuationshelter","Required":126,"Have":0},{"Name":"Food Cartridges","Type":"foodcartridges","Required":123,"Have":0},{"Name":"Fruit and Vegetables","Type":"fruitandvegetables","Required":84,"Have":0},{"Name":"H.E. Suits","Type":"hazardousenvironmentsuits","Required":84,"Have":0},{"Name":"Micro Controllers","Type":"microcontrollers","Required":84,"Have":0},{"Name":"Microbial Furnaces","Type":"heliostaticfurnaces","Required":492,"Have":0},{"Name":"Mineral Extractors","Type":"mineralextractors","Required":984,"Have":0},{"Name":"Polymers","Type":"polymers","Required":327,"Have":0},{"Name":"Resonating Separators","Type":"resonatingseparators","Required":84,"Have":0},{"Name":"Robotics","Type":"robotics","Required":330,"Have":0},{"Name":"Semiconductors","Type":"semiconductors","Required":42,"Have":0},{"Name":"Structural Regulators","Type":"structuralregulators","Required":408,"Have":0},{"Name":"Superconductors","Type":"superconductors","Required":42,"Have":0},{"Name":"Surface Stabilisers","Type":"surfacestabilisers","Required":408,"Have":0},{"Name":"Survival Equipment","Type":"survivalequipment","Required":84,"Have":0},{"Name":"Thermal Cooling Units","Type":"thermalcoolingunits","Required":84,"Have":0}]}
{"ID":"37","location":"Surface","category":"Settlement","Type":"Military Tier 1","Build":"Small","variant":"Ioke (M)","commodities":[{"Name":"Aluminium","Type":"aluminium","Required":593,"Have":0},{"Name":"Basic Medicines","Type":"basicmedicines","Required":36,"Have":0},{"Name":"Battle Weapons","Type":"battleweapons","Required":24,"Have":0},{"Name":"Building Fabricators","Type":"buildingfabricators","Required":60,"Have":0},{"Name":"Ceramic Composites","Type":"ceramiccomposites","Required":60,"Have":0},{"Name":"CMM Composite","Type":"cmmcomposite","Required":356,"Have":0},{"Name":"Combat Stabilizers","Type":"combatstabilizers","Required":36,"Have":0},{"Name":"Computer Components","Type":"computercomponents","Required":42,"Have":0},{"Name":"Copper","Type":"copper","Required":30,"Have":0},{"Name":"Emergency Power Cells","Type":"emergencypowercells","Required":24,"Have":0},{"Name":"Evacuation Shelter","Type":"evacuationshelter","Required":36,"Have":0},{"Name":"Food Cartridges","Type":"foodcartridges","Required":36,"Have":0},{"Name":"Fruit and Vegetables","Type":"fruitandvegetables","Required":24,"Have":0},{"Name":"Liquid Oxygen","Type":"liquidoxygen","Required":172,"Have":0},{"Name":"Micro Controllers","Type":"microcontrollers","Required":12,"Have":0},{"Name":"Military Grade Fabrics","Type":"militarygradefabrics","Required":24,"Have":0},{"Name":"Polymers","Type":"polymers","Required":119,"Have":0},{"Name":"Reactive Armour","Type":"reactivearmour","Required":24,"Have":0},{"Name":"Steel","Type":"steel","Required":949,"Have":0},{"Name":"Structural Regulators","Type":"structuralregulators","Required":101,"Have":0},{"Name":"Surface Stabilisers","Type":"surfacestabilisers","Required":60,"Have":0},{"Name":"Survival Equipment","Type":"survivalequipment","Required":24,"Have":0}]}
{"ID":"38","location":"Surface","category":"Settlement","Type":"Military Tier 1","Build":"Medium","variant":"Bellona (S), Enyo (M?), Polemos (M)","commodities":[{"Name":"Aluminium","Type":"aluminium","Required":1186,"Have":0},{"Name":"Basic Medicines","Type":"basicmedicines","Required":72,"Have":0},{"Name":"Battle Weapons","Type":"battleweapons","Required":48,"Have":0},{"Name":"Building Fabricators","Type":"buildingfabricators","Required":120,"Have":0},{"Name":"Ceramic Composites","Type":"ceramiccomposites","Required":120,"Have":0},{"Name":"CMM Composite","Type":"cmmcomposite","Required":712,"Have":0},{"Name":"Combat Stabilizers","Type":"combatstabilizers","Required":72,"Have":0},{"Name":"Computer Components","Type":"computercomponents","Required":84,"Have":0},{"Name":"Copper","Type":"copper","Required":60,"Have":0},{"Name":"Emergency Power Cells","Type":"emergencypowercells","Required":48,"Have":0},{"Name":"Evacuation Shelter","Type":"evacuationshelter","Required":72,"Have":0},{"Name":"Food Cartridges","Type":"foodcartridges","Required":72,"Have":0},{"Name":"Fruit and Vegetables","Type":"fruitandvegetables","Required":48,"Have":0},{"Name":"Liquid Oxygen","Type":"liquidoxygen","Required":344,"Have":0},{"Name":"Micro Controllers","Type":"microcontrollers","Required":24,"Have":0},{"Name":"Military Grade Fabrics","Type":"militarygradefabrics","Required":48,"Have":0},{"Name":"Polymers","Type":"polymers","Required":238,"Have":0},{"Name":"Reactive Armour","Type":"reactivearmour","Required":48,"Have":0},{"Name":"Steel","Type":"steel","Required":1898,"Have":0},{"Name":"Structural Regulators","Type":"structuralregulators","Required":202,"Have":0},{"Name":"Surface Stabilisers","Type":"surfacestabilisers","Required":120,"Have":0},{"Name":"Survival Equipment","Type":"survivalequipment","Required":48,"Have":0}]}
{"ID":"39","location":"Surface","category":"Settlement","Type":"Military Tier 2","Build":"Large","variant":"Minerva (L)","commodities":[{"Name":"Aluminium","Type":"aluminium","Required":1779,"Have":0},{"Name":"Basic Medicines","Type":"basicmedicines","Required":108,"Have":0},{"Name":"Battle Weapons","Type":"battleweapons","Required":72,"Have":0},{"Name":"Building Fabricators","Type":"buildingfabricators","Required":180,"Have":0},{"Name":"Ceramic Composites","Type":"ceramiccomposites","Required":180,"Have":0},{"Name":"CMM Composite","Type":"cmmcomposite","Required":1068,"Have":0},{"Name":"Combat Stabilizers","Type":"combatstabilizers","Required":108,"Have":0},{"Name":"Computer Components","Type":"computercomponents","Required":126,"Have":0},{"Name":"Copper","Type":"copper","Required":90,"Have":0},{"Name":"Emergency Power Cells","Type":"emergencypowercells","Required":72,"Have":0},{"Name":"Evacuation Shelter","Type":"evacuationshelter","Required":108,"Have":0},{"Name":"Food Cartridges","Type":"foodcartridges","Required":108,"Have":0},{"Name":"Fruit and Vegetables","Type":"fruitandvegetables","Required":72,"Have":0},{"Name":"Liquid Oxygen","Type":"liquidoxygen","Required":516,"Have":0},{"Name":"Micro Controllers","Type":"microcontrollers","Required":36,"Have":0},{"Name":"Military Grade Fabrics","Type":"militarygradefabrics","Required":72,"Have":0},{"Name":"Polymers","Type":"polymers","Required":357,"Have":0},{"Name":"Reactive Armour","Type":"reactivearmour","Required":72,"Have":0},{"Name":"Steel","Type":"steel","Required":2847,"Have":0},{"Name":"Structural Regulators","Type":"structuralregulators","Required":303,"Have":0},{"Name":"Surface Stabilisers","Type":"surfacestabilisers","Required":180,"Have":0},{"Name":"Survival Equipment","Type":"survivalequipment","Required":72,"Have":0}]}
{"ID":"40","location":"Surface","category":"Settlement","Type":"Research Bio Tier 1","Build":"Small","variant":"Pheobe (S)","commodities":[{"Name":"Advanced Catalysers","Type":"advancedcatalysers","Required":95,"Have":0},{"Name":"Aluminium","Type":"aluminium","Required":607,"Have":0},{"Name":"Basic Medicines","Type":"basicmedicines","Required":14,"Have":0},{"Name":"Building Fabricators","Type":"buildingfabricators","Required":54,"Have":0},{"Name":"Ceramic Composites","Type":"ceramiccomposites","Required":41,"Have":0},{"Name":"Computer Components","Type":"computercomponents","Required":41,"Have":0},{"Name":"Copper","Type":"copper","Required":34,"Have":0},{"Name":"Emergency Power Cells","Type":"emergencypowercells","Required":27,"Have":0},{"Name":"Evacuation Shelter","Type":"evacuationshelter","Required":27,"Have":0},{"Name":"Food Cartridges","Type":"foodcartridges","Required":41,"Have":0},{"Name":"Fruit and Vegetables","Type":"fruitandvegetables","Required":27,"Have":0},{"Name":"Geological Equipment","Type":"geologicalequipment","Required":27,"Have":0},{"Name":"H.E. Suits","Type":"hazardousenvironmentsuits","Required":27,"Have":0},{"Name":"Liquid Oxygen","Type":"liquidoxygen","Required":351,"Have":0},{"Name":"Medical Diagnostic Equipment","Type":"medicaldiagnosticequipment","Required":41,"Have":0},{"Name":"Micro Controllers","Type":"microcontrollers","Required":14,"Have":0},{"Name":"Muon Imager","Type":"mutomimager","Required":95,"Have":0},{"Name":"Polymers","Type":"polymers","Required":115,"Have":0},{"Name":"Semiconductors","Type":"semiconductors","Required":21,"Have":0},{"Name":"Steel","Type":"steel","Required":945,"Have":0},{"Name":"Structural Regulators","Type":"structuralregulators","Required":81,"Have":0},{"Name":"Superconductors","Type":"superconductors","Required":21,"Have":0},{"Name":"Surface Stabilisers","Type":"surfacestabilisers","Required":81,"Have":0},{"Name":"Survival Equipment","Type":"survivalequipment","Required":14,"Have":0}]}
{"ID":"41","location":"Surface","category":"Settlement","Type":"Research Bio Tier 1","Build":"Medium","variant":"Asteria (S), Caerus (S)","commodities":[{"Name":"Advanced Catalysers","Type":"advancedcatalysers","Required":190,"Have":0},{"Name":"Aluminium","Type":"aluminium","Required":1214,"Have":0},{"Name":"Basic Medicines","Type":"basicmedicines","Required":28,"Have":0},{"Name":"Building Fabricators","Type":"buildingfabricators","Required":108,"Have":0},{"Name":"Ceramic Composites","Type":"ceramiccomposites","Required":82,"Have":0},{"Name":"Computer Components","Type":"computercomponents","Required":82,"Have":0},{"Name":"Copper","Type":"copper","Required":68,"Have":0},{"Name":"Emergency Power Cells","Type":"emergencypowercells","Required":54,"Have":0},{"Name":"Evacuation Shelter","Type":"evacuationshelter","Required":54,"Have":0},{"Name":"Food Cartridges","Type":"foodcartridges","Required":82,"Have":0},{"Name":"Fruit and Vegetables","Type":"fruitandvegetables","Required":54,"Have":0},{"Name":"Geological Equipment","Type":"geologicalequipment","Required":54,"Have":0},{"Name":"H.E. Suits","Type":"hazardousenvironmentsuits","Required":54,"Have":0},{"Name":"Liquid Oxygen","Type":"liquidoxygen","Required":702,"Have":0},{"Name":"Medical Diagnostic Equipment","Type":"medicaldiagnosticequipment","Required":82,"Have":0},{"Name":"Micro Controllers","Type":"microcontrollers","Required":28,"Have":0},{"Name":"Muon Imager","Type":"mutomimager","Required":190,"Have":0},{"Name":"Polymers","Type":"polymers","Required":230,"Have":0},{"Name":"Semiconductors","Type":"semiconductors","Required":42,"Have":0},{"Name":"Steel","Type":"steel","Required":1890,"Have":0},{"Name":"Structural Regulators","Type":"structuralregulators","Required":162,"Have":0},{"Name":"Superconductors","Type":"superconductors","Required":42,"Have":0},{"Name":"Surface Stabilisers","Type":"surfacestabilisers","Required":162,"Have":0},{"Name":"Survival Equipment","Type":"survivalequipment","Required":28,"Have":0}]}
{"ID":"42","location":"Surface","category":"Settlement","Type":"Research Bio Tier 2","Build":"Large","variant":"Chronos (L)","commodities":[{"Name":"Advanced Catalysers","Type":"advancedcatalysers","Required":285,"Have":0},{"Name":"Aluminium","Type":"aluminium","Required":1821,"Have":0},{"Name":"Basic Medicines","Type":"basicmedicines","Required":42,"Have":0},{"Name":"Building Fabricators","Type":"buildingfabricators","Required":162,"Have":0},{"Name":"Ceramic Composites","Type":"ceramiccomposites","Required":123,"Have":0},{"Name":"Computer Components","Type":"computercomponents","Required":123,"Have":0},{"Name":"Copper","Type":"copper","Required":102,"Have":0},{"Name":"Emergency Power Cells","Type":"emergencypowercells","Required":81,"Have":0},{"Name":"Evacuation Shelter","Type":"evacuationshelter","Required":81,"Have":0},{"Name":"Food Cartridges","Type":"foodcartridges","Required":123,"Have":0},{"Name":"Fruit and Vegetables","Type":"fruitandvegetables","Required":81,"Have":0},{"Name":"Geological Equipment","Type":"geologicalequipment","Required":81,"Have":0},{"Name":"H.E. Suits","Type":"hazardousenvironmentsuits","Required":81,"Have":0},{"Name":"Liquid Oxygen","Type":"liquidoxygen","Required":1053,"Have":0},{"Name":"Medical Diagnostic Equipment","Type":"medicaldiagnosticequipment","Required":123,"Have":0},{"Name":"Micro Controllers","Type":"microcontrollers","Required":42,"Have":0},{"Name":"Muon Imager","Type":"mutomimager","Required":285,"Have":0},{"Name":"Polymers","Type":"polymers","Required":345,"Have":0},{"Name":"Semiconductors","Type":"semiconductors","Required":63,"Have":0},{"Name":"Steel","Type":"steel","Required":2835,"Have":0},{"Name":"Structural Regulators","Type":"structuralregulators","Required":243,"Have":0},{"Name":"Superconductors","Type":"superconductors","Required":63,"Have":0},{"Name":"Surface Stabilisers","Type":"surfacestabilisers","Required":243,"Have":0},{"Name":"Survival Equipment","Type":"survivalequipment","Required":42,"Have":0}]}
{"ID":"43","location":"Surface","category":"Settlement","Type":"Tourism Tier 1","Build":"Small","variant":"Aergia (M)","commodities":[{"Name":"Aluminium","Type":"aluminium","Required":509,"Have":0},{"Name":"Animal Meat","Type":"animalmeat","Required":71,"Have":0},{"Name":"Beer","Type":"beer","Required":311,"Have":0},{"Name":"Building Fabricators","Type":"buildingfabricators","Required":29,"Have":0},{"Name":"Ceramic Composites","Type":"ceramiccomposites","Required":43,"Have":0},{"Name":"Coffee","Type":"coffee","Required":71,"Have":0},{"Name":"Computer Components","Type":"computercomponents","Required":15,"Have":0},{"Name":"Copper","Type":"copper","Required":22,"Have":0},{"Name":"Emergency Power Cells","Type":"emergencypowercells","Required":15,"Have":0},{"Name":"Evacuation Shelter","Type":"evacuationshelter","Required":22,"Have":0},{"Name":"Fish","Type":"fish","Required":36,"Have":0},{"Name":"Fruit and Vegetables","Type":"fruitandvegetables","Required":71,"Have":0},{"Name":"Liquid Oxygen","Type":"liquidoxygen","Required":227,"Have":0},{"Name":"Liquor","Type":"liquor","Required":128,"Have":0},{"Name":"Polymers","Type":"polymers","Required":114,"Have":0},{"Name":"Steel","Type":"steel","Required":707,"Have":0},{"Name":"Structural Regulators","Type":"structuralregulators","Required":57,"Have":0},{"Name":"Surface Stabilisers","Type":"surfacestabilisers","Required":57,"Have":0},{"Name":"Survival Equipment","Type":"survivalequipment","Required":15,"Have":0},{"Name":"Tea","Type":"tea","Required":170,"Have":0},{"Name":"Wine","Type":"wine","Required":156,"Have":0}]}
{"ID":"44","location":"Surface","category":"Settlement","Type":"Tourism Tier 1","Build":"Medium","variant":"Comos (L), Gelos (L)","commodities":[{"Name":"Aluminium","Type":"aluminium","Required":1018,"Have":0},{"Name":"Animal Meat","Type":"animalmeat","Required":142,"Have":0},{"Name":"Beer","Type":"beer","Required":622,"Have":0},{"Name":"Building Fabricators","Type":"buildingfabricators","Required":58,"Have":0},{"Name":"Ceramic Composites","Type":"ceramiccomposites","Required":86,"Have":0},{"Name":"Coffee","Type":"coffee","Required":142,"Have":0},{"Name":"Computer Components","Type":"computercomponents","Required":30,"Have":0},{"Name":"Copper","Type":"copper","Required":44,"Have":0},{"Name":"Emergency Power Cells","Type":"emergencypowercells","Required":30,"Have":0},{"Name":"Evacuation Shelter","Type":"evacuationshelter","Required":44,"Have":0},{"Name":"Fish","Type":"fish","Required":72,"Have":0},{"Name":"Fruit and Vegetables","Type":"fruitandvegetables","Required":142,"Have":0},{"Name":"Liquid Oxygen","Type":"liquidoxygen","Required":454,"Have":0},{"Name":"Liquor","Type":"liquor","Required":256,"Have":0},{"Name":"Polymers","Type":"polymers","Required":228,"Have":0},{"Name":"Steel","Type":"steel","Required":1414,"Have":0},{"Name":"Structural Regulators","Type":"structuralregulators","Required":114,"Have":0},{"Name":"Surface Stabilisers","Type":"surfacestabilisers","Required":114,"Have":0},{"Name":"Survival Equipment","Type":"survivalequipment","Required":30,"Have":0},{"Name":"Tea","Type":"tea","Required":340,"Have":0},{"Name":"Wine","Type":"wine","Required":312,"Have":0}]}
{"ID":"45","location":"Surface","category":"Settlement","Type":"Tourism Tier 2","Build":"Large","variant":"Fufluns (L)","commodities":[{"Name":"Aluminium","Type":"aluminium","Required":1527,"Have":0},{"Name":"Animal Meat","Type":"animalmeat","Required":213,"Have":0},{"Name":"Beer","Type":"beer","Required":933,"Have":0},{"Name":"Building Fabricators","Type":"buildingfabricators","Required":87,"Have":0},{"Name":"Ceramic Composites","Type":"ceramiccomposites","Required":129,"Have":0},{"Name":"Coffee","Type":"coffee","Required":213,"Have":0},{"Name":"Computer Components","Type":"computercomponents","Required":45,"Have":0},{"Name":"Copper","Type":"copper","Required":66,"Have":0},{"Name":"Emergency Power Cells","Type":"emergencypowercells","Required":45,"Have":0},{"Name":"Evacuation Shelter","Type":"evacuationshelter","Required":66,"Have":0},{"Name":"Fish","Type":"fish","Required":108,"Have":0},{"Name":"Fruit and Vegetables","Type":"fruitandvegetables","Required":213,"Have":0},{"Name":"Liquid Oxygen","Type":"liquidoxygen","Required":681,"Have":0},{"Name":"Liquor","Type":"liquor","Required":384,"Have":0},{"Name":"Polymers","Type":"polymers","Required":342,"Have":0},{"Name":"Steel","Type":"steel","Required":2121,"Have":0},{"Name":"Structural Regulators","Type":"structuralregulators","Required":171,"Have":0},{"Name":"Surface Stabilisers","Type":"surfacestabilisers","Required":171,"Have":0},{"Name":"Survival Equipment","Type":"survivalequipment","Required":45,"Have":0},{"Name":"Tea","Type":"tea","Required":510,"Have":0},{"Name":"Wine","Type":"wine","Required":468,"Have":0}]}
{"ID":"46","location":"Surface","category":"Hub","Type":"Extraction","Build":"","variant":"Tartarus","commodities":[{"Name":"Aluminium","Type":"aluminium","Required":2352,"Have":0},{"Name":"Bioreducing Lichen","Type":"bioreducinglichen","Required":714,"Have":0},{"Name":"Building Fabricators","Type":"buildingfabricators","Required":210,"Have":0},{"Name":"Ceramic Composites","Type":"ceramiccomposites","Required":252,"Have":0},{"Name":"Computer Components","Type":"computercomponents","Required":38,"Have":0},{"Name":"Copper","Type":"copper","Required":84,"Have":0},{"Name":"Emergency Power Cells","Type":"emergencypowercells","Required":42,"Have":0},{"Name":"Evacuation Shelter","Type":"evacuationshelter","Required":51,"Have":0},{"Name":"Food Cartridges","Type":"foodcartridges","Required":51,"Have":0},{"Name":"Fruit and Vegetables","Type":"fruitandvegetables","Required":34,"Have":0},{"Name":"Geological Equipment","Type":"geologicalequipment","Required":210,"Have":0},{"Name":"H.E. Suits","Type":"hazardousenvironmentsuits","Required":126,"Have":0},{"Name":"Muon Imager","Type":"mutomimager","Required":160,"Have":0},{"Name":"Polymers","Type":"polymers","Required":672,"Have":0},{"Name":"Robotics","Type":"robotics","Required":252,"Have":0},{"Name":"Steel","Type":"steel","Required":3359,"Have":0},{"Name":"Structural Regulators","Type":"structuralregulators","Required":504,"Have":0},{"Name":"Surface Stabilisers","Type":"surfacestabilisers","Required":756,"Have":0},{"Name":"Survival Equipment","Type":"survivalequipment","Required":26,"Have":0}]}
{"ID":"47","location":"Surface","category":"Hub","Type":"Civilian","Build":"","variant":"Aegle","commodities":[{"Name":"Agri-Medicines","Type":"agriculturalmedicines","Required":235,"Have":0},{"Name":"Aluminium","Type":"aluminium","Required":2433,"Have":0},{"Name":"Biowaste","Type":"biowaste","Required":630,"Have":0},{"Name":"Building Fabricators","Type":"buildingfabricators","Required":84,"Have":0},{"Name":"Ceramic Composites","Type":"ceramiccomposites","Required":126,"Have":0},{"Name":"Computer Components","Type":"computercomponents","Required":21,"Have":0},{"Name":"Copper","Type":"copper","Required":68,"Have":0},{"Name":"Crop Harvesters","Type":"cropharvesters","Required":210,"Have":0},{"Name":"Emergency Power Cells","Type":"emergencypowercells","Required":42,"Have":0},{"Name":"Evacuation Shelter","Type":"evacuationshelter","Required":68,"Have":0},{"Name":"Food Cartridges","Type":"foodcartridges","Required":68,"Have":0},{"Name":"Fruit and Vegetables","Type":"fruitandvegetables","Required":42,"Have":0},{"Name":"Pesticides","Type":"pesticides","Required":378,"Have":0},{"Name":"Polymers","Type":"polymers","Required":630,"Have":0},{"Name":"Steel","Type":"steel","Required":3775,"Have":0},{"Name":"Structural Regulators","Type":"structuralregulators","Required":336,"Have":0},{"Name":"Surface Stabilisers","Type":"surfacestabilisers","Required":588,"Have":0},{"Name":"Survival Equipment","Type":"survivalequipment","Required":38,"Have":0}]}
{"ID":"48","location":"Surface","category":"Hub","Type":"Exploration","Build":"","variant":"Tellus","commodities":[{"Name":"Aluminium","Type":"aluminium","Required":2483,"Have":0},{"Name":"Building Fabricators","Type":"buildingfabricators","Required":89,"Have":0},{"Name":"Ceramic Composites","Type":"ceramiccomposites","Required":134,"Have":0},{"Name":"Computer Components","Type":"computercomponents","Required":49,"Have":0},{"Name":"Copper","Type":"copper","Required":178,"Have":0},{"Name":"Emergency Power Cells","Type":"emergencypowercells","Required":45,"Have":0},{"Name":"Evacuation Shelter","Type":"evacuationshelter","Required":36,"Have":0},{"Name":"Food Cartridges","Type":"foodcartridges","Required":54,"Have":0},{"Name":"Fruit and Vegetables","Type":"fruitandvegetables","Required":36,"Have":0},{"Name":"Geological Equipment","Type":"geologicalequipment","Required":621,"Have":0},{"Name":"H.E. Suits","Type":"hazardousenvironmentsuits","Required":249,"Have":0},{"Name":"Polymers","Type":"polymers","Required":666,"Have":0},{"Name":"Power Generators","Type":"powergenerators","Required":32,"Have":0},{"Name":"Steel","Type":"steel","Required":3547,"Have":0},{"Name":"Structural Regulators","Type":"structuralregulators","Required":267,"Have":0},{"Name":"Surface Stabilisers","Type":"surfacestabilisers","Required":1419,"Have":0},{"Name":"Survival Equipment","Type":"survivalequipment","Required":18,"Have":0}]}
{"ID":"49","location":"Surface","category":"Hub","Type":"Outpost","Build":"","variant":"Io","commodities":[{"Name":"Aluminium","Type":"aluminium","Required":2797,"Have":0},{"Name":"Building Fabricators","Type":"buildingfabricators","Required":290,"Have":0},{"Name":"Ceramic Composites","Type":"ceramiccomposites","Required":145,"Have":0},{"Name":"Computer Components","Type":"computercomponents","Required":25,"Have":0},{"Name":"Copper","Type":"copper","Required":78,"Have":0},{"Name":"Emergency Power Cells","Type":"emergencypowercells","Required":49,"Have":0},{"Name":"Evacuation Shelter","Type":"evacuationshelter","Required":49,"Have":0},{"Name":"Food Cartridges","Type":"foodcartridges","Required":174,"Have":0},{"Name":"Fruit and Vegetables","Type":"fruitandvegetables","Required":87,"Have":0},{"Name":"Power Generators","Type":"powergenerators","Required":25,"Have":0},{"Name":"Steel","Type":"steel","Required":4051,"Have":0},{"Name":"Structural Regulators","Type":"structuralregulators","Required":338,"Have":0},{"Name":"Surface Stabilisers","Type":"surfacestabilisers","Required":1061,"Have":0},{"Name":"Survival Equipment","Type":"survivalequipment","Required":29,"Have":0}]}
{"ID":"50","location":"Surface","category":"Hub","Type":"Scientific","Build":"","variant":"Athena, Caelus","commodities":[{"Name":"Advanced Catalysers","Type":"advancedcatalysers","Required":170,"Have":0},{"Name":"Aluminium","Type":"aluminium","Required":2581,"Have":0},{"Name":"Basic Medicines","Type":"basicmedicines","Required":72,"Have":0},{"Name":"Building Fabricators","Type":"buildingfabricators","Required":178,"Have":0},{"Name":"Ceramic Composites","Type":"ceramiccomposites","Required":223,"Have":0},{"Name":"Computer Components","Type":"computercomponents","Required":67,"Have":0},{"Name":"Copper","Type":"copper","Required":112,"Have":0},{"Name":"Emergency Power Cells","Type":"emergencypowercells","Required":63,"Have":0},{"Name":"Evacuation Shelter","Type":"evacuationshelter","Required":36,"Have":0},{"Name":"Food Cartridges","Type":"foodcartridges","Required":54,"Have":0},{"Name":"Fruit and Vegetables","Type":"fruitandvegetables","Required":36,"Have":0},{"Name":"Geological Equipment","Type":"geologicalequipment","Required":401,"Have":0},{"Name":"H.E. Suits","Type":"hazardousenvironmentsuits","Required":156,"Have":0},{"Name":"Medical Diagnostic Equipment","Type":"medicaldiagnosticequipment","Required":161,"Have":0},{"Name":"Micro Controllers","Type":"microcontrollers","Required":49,"Have":0},{"Name":"Muon Imager","Type":"mutomimager","Required":107,"Have":0},{"Name":"Polymers","Type":"polymers","Required":712,"Have":0},{"Name":"Power Generators","Type":"powergenerators","Required":36,"Have":0},{"Name":"Semiconductors","Type":"semiconductors","Required":72,"Have":0},{"Name":"Steel","Type":"steel","Required":3560,"Have":0},{"Name":"Structural Regulators","Type":"structuralregulators","Required":445,"Have":0},{"Name":"Superconductors","Type":"superconductors","Required":72,"Have":0},{"Name":"Surface Stabilisers","Type":"surfacestabilisers","Required":534,"Have":0},{"Name":"Survival Equipment","Type":"survivalequipment","Required":27,"Have":0}]}
{"ID":"51","location":"Surface","category":"Hub","Type":"Military","Build":"","variant":"Alala, Ares","commodities":[{"Name":"Aluminium","Type":"aluminium","Required":2414,"Have":0},{"Name":"Basic Medicines","Type":"basicmedicines","Required":109,"Have":0},{"Name":"Battle Weapons","Type":"battleweapons","Required":42,"Have":0},{"Name":"Building Fabricators","Type":"buildingfabricators","Required":333,"Have":0},{"Name":"Ceramic Composites","Type":"ceramiccomposites","Required":375,"Have":0},{"Name":"CMM Composite","Type":"cmmcomposite","Required":333,"Have":0},{"Name":"Combat Stabilizers","Type":"combatstabilizers","Required":25,"Have":0},{"Name":"Computer Components","Type":"computercomponents","Required":75,"Have":0},{"Name":"Copper","Type":"copper","Required":105,"Have":0},{"Name":"Emergency Power Cells","Type":"emergencypowercells","Required":63,"Have":0},{"Name":"Evacuation Shelter","Type":"evacuationshelter","Required":75,"Have":0},{"Name":"Food Cartridges","Type":"foodcartridges","Required":125,"Have":0},{"Name":"Fruit and Vegetables","Type":"fruitandvegetables","Required":42,"Have":0},{"Name":"Micro Controllers","Type":"microcontrollers","Required":55,"Have":0},{"Name":"Military Grade Fabrics","Type":"militarygradefabrics","Required":42,"Have":0},{"Name":"Polymers","Type":"polymers","Required":708,"Have":0},{"Name":"Power Generators","Type":"powergenerators","Required":38,"Have":0},{"Name":"Reactive Armour","Type":"reactivearmour","Required":42,"Have":0},{"Name":"Steel","Type":"steel","Required":3746,"Have":0},{"Name":"Structural Regulators","Type":"structuralregulators","Required":542,"Have":0},{"Name":"Surface Stabilisers","Type":"surfacestabilisers","Required":583,"Have":0},{"Name":"Survival Equipment","Type":"survivalequipment","Required":50,"Have":0}]}
{"ID":"52","location":"Surface","category":"Hub","Type":"Refinery","Build":"","variant":"Silenus","commodities":[{"Name":"Advanced Catalysers","Type":"advancedcatalysers","Required":112,"Have":0},{"Name":"Aluminium","Type":"aluminium","Required":2697,"Have":0},{"Name":"Building Fabricators","Type":"buildingfabricators","Required":233,"Have":0},{"Name":"Ceramic Composites","Type":"ceramiccomposites","Required":279,"Have":0},{"Name":"Computer Components","Type":"computercomponents","Required":42,"Have":0},{"Name":"Copper","Type":"copper","Required":93,"Have":0},{"Name":"Emergency Power Cells","Type":"emergencypowercells","Required":47,"Have":0},{"Name":"Evacuation Shelter","Type":"evacuationshelter","Required":56,"Have":0},{"Name":"Food Cartridges","Type":"foodcartridges","Required":56,"Have":0},{"Name":"Fruit and Vegetables","Type":"fruitandvegetables","Required":38,"Have":0},{"Name":"H.E. Suits","Type":"hazardousenvironmentsuits","Required":117,"Have":0},{"Name":"Polymers","Type":"polymers","Required":744,"Have":0},{"Name":"Power Generators","Type":"powergenerators","Required":28,"Have":0},{"Name":"Resonating Separators","Type":"resonatingseparators","Required":84,"Have":0},{"Name":"Robotics","Type":"robotics","Required":419,"Have":0},{"Name":"Steel","Type":"steel","Required":3720,"Have":0},{"Name":"Structural Regulators","Type":"structuralregulators","Required":465,"Have":0},{"Name":"Surface Stabilisers","Type":"surfacestabilisers","Required":558,"Have":0},{"Name":"Survival Equipment","Type":"survivalequipment","Required":28,"Have":0},{"Name":"Thermal Cooling Units","Type":"thermalcoolingunits","Required":103,"Have":0}]}
{"ID":"53","location":"Surface","category":"Hub","Type":"High Tech","Build":"","variant":"Janus","commodities":[{"Name":"Aluminium","Type":"aluminium","Required":2512,"Have":0},{"Name":"Building Fabricators","Type":"buildingfabricators","Required":135,"Have":0},{"Name":"Ceramic Composites","Type":"ceramiccomposites","Required":225,"Have":0},{"Name":"CMM Composite","Type":"cmmcomposite","Required":270,"Have":0},{"Name":"Computer Components","Type":"computercomponents","Required":68,"Have":0},{"Name":"Copper","Type":"copper","Required":113,"Have":0},{"Name":"Emergency Power Cells","Type":"emergencypowercells","Required":59,"Have":0},{"Name":"Evacuation Shelter","Type":"evacuationshelter","Required":45,"Have":0},{"Name":"Food Cartridges","Type":"foodcartridges","Required":54,"Have":0},{"Name":"Fruit and Vegetables","Type":"fruitandvegetables","Required":36,"Have":0},{"Name":"Micro Controllers","Type":"microcontrollers","Required":90,"Have":0},{"Name":"Polymers","Type":"polymers","Required":673,"Have":0},{"Name":"Power Generators","Type":"powergenerators","Required":27,"Have":0},{"Name":"Robotics","Type":"robotics","Required":449,"Have":0},{"Name":"Semiconductors","Type":"semiconductors","Required":108,"Have":0},{"Name":"Steel","Type":"steel","Required":3768,"Have":0},{"Name":"Structural Regulators","Type":"structuralregulators","Required":404,"Have":0},{"Name":"Superconductors","Type":"superconductors","Required":108,"Have":0},{"Name":"Surface Stabilisers","Type":"surfacestabilisers","Required":539,"Have":0},{"Name":"Survival Equipment","Type":"survivalequipment","Required":27,"Have":0},{"Name":"Thermal Cooling Units","Type":"thermalcoolingunits","Required":211,"Have":0}]}
{"ID":"54","location":"Surface","category":"Hub","Type":"Industrial","Build":"","variant":"Molae, Tellus, Eunostus","commodities":[{"Name":"Aluminium","Type":"aluminium","Required":2407,"Have":0},{"Name":"Building Fabricators","Type":"buildingfabricators","Required":208,"Have":0},{"Name":"Ceramic Composites","Type":"ceramiccomposites","Required":249,"Have":0},{"Name":"Computer Components","Type":"computercomponents","Required":38,"Have":0},{"Name":"Copper","Type":"copper","Required":83,"Have":0},{"Name":"Emergency Power Cells","Type":"emergencypowercells","Required":42,"Have":0},{"Name":"Evacuation Shelter","Type":"evacuationshelter","Required":50,"Have":0},{"Name":"Food Cartridges","Type":"foodcartridges","Required":50,"Have":0},{"Name":"Fruit and Vegetables","Type":"fruitandvegetables","Required":34,"Have":0},{"Name":"H.E. Suits","Type":"hazardousenvironmentsuits","Required":83,"Have":0},{"Name":"Micro Controllers","Type":"microcontrollers","Required":50,"Have":0},{"Name":"Microbial Furnaces","Type":"heliostaticfurnaces","Required":415,"Have":0},{"Name":"Mineral Extractors","Type":"mineralextractors","Required":415,"Have":0},{"Name":"Polymers","Type":"polymers","Required":664,"Have":0},{"Name":"Power Generators","Type":"powergenerators","Required":25,"Have":0},{"Name":"Robotics","Type":"robotics","Required":332,"Have":0},{"Name":"Semiconductors","Type":"semiconductors","Required":75,"Have":0},{"Name":"Steel","Type":"steel","Required":3320,"Have":0},{"Name":"Structural Regulators","Type":"structuralregulators","Required":498,"Have":0},{"Name":"Superconductors","Type":"superconductors","Required":75,"Have":0},{"Name":"Surface Stabilisers","Type":"surfacestabilisers","Required":498,"Have":0},{"Name":"Survival Equipment","Type":"survivalequipment","Required":25,"Have":0},{"Name":"Thermal Cooling Units","Type":"thermalcoolingunits","Required":117,"Have":0}]}
