ID,Commodity
61,Advanced Catalysers
166,Advanced Medicines
1,Agri-Medicines
10268,Agronomic Treatment
89,AI Relics
10249,Alexandrite
15,Algae
37,Aluminium
121,Ancient Artefact
10240,Ancient Key
16,Animal Meat
62,Animal Monitors
10270,Anomaly Particles
10167,Antimatter Containment Unit
10209,Antique Jewellery
91,Antiquities
63,Aquaponic Systems
182,Articulation Motors
169,Assault Plans
87,Atmospheric Processors
65,Auto-Fabricators
33,Basic Medicines
88,Battle Weapons
51,Bauxite
10,Beer
10247,Benitoite
52,Bertrandite
38,Beryllium
66,Bioreducing Lichen
76,Biowaste
106,Bismuth
122,Black Box
10456,Bone Fragments
95,Bootleg Liquor
148,Bromellite
102,Building Fabricators
10439,Caustic Tissue Sample
100,Ceramic Composites
32,Chemical Waste
7,Clothing
140,CMM Composite
39,Cobalt
17,Coffee
55,Coltan
34,Combat Stabilisers
170,Commercial Samples
67,Computer Components
165,Conductive Fabrics
8,Consumer Technology
40,Copper
10451,Coral Sap
29,Crop Harvesters
110,Cryolite
10459,Cyst Specimen
10215,Damaged Escape Pod
10166,Data Core
171,Diplomatic Bag
9,Domestic Appliances
10210,Earth Relics
158,Emergency Power Cells
172,Encrypted Correspondence
173,Encrypted Data Storage
149,Energy Grid Assembly
99,Evacuation Shelter
159,Exhaust Manifold
123,Experimental Chemicals
3,Explosives
18,Fish
19,Food Cartridges
10221,Fossil Remnants
20,Fruit and Vegetables
56,Gallite
41,Gallium
10211,Gene Bank
103,Geological Equipment
174,Geological Samples
42,Gold
111,Goslarite
21,Grain
10248,Grandidierite
10153,Guardian Casket
10154,Guardian Orb
10155,Guardian Relic
10156,Guardian Tablet
10157,Guardian Totem
10158,Guardian Urn
68,H.E. Suits
10486,Haematite
124,Hafnium 178
155,Hardware Diagnostic Sensor
151,Heatsink Interlink
150,HN Shock Mount
175,Hostages
4,Hydrogen Fuel
138,Hydrogen Peroxide
49,Imperial Slaves
10452,Impure Spire Mineral
57,Indite
43,Indium
141,Insulating Membrane
160,Ion Distributor
168,Jadeite
71,Land Enrichment Systems
118,Landmines
107,Lanthanum
125,Large Survey Data Cache
73,Leather
58,Lepidolite
137,Liquid oxygen
11,Liquor
44,Lithium
147,Lithium Hydroxide
144,Low Temperature Diamonds
152,Magnetic Emitter Coil
86,Marine Equipment
154,Medical Diagnostic Equipment
101,Meta-Alloys
145,Methane Clathrate
146,Methanol Monohydrate Crystals
185,Micro-weave Cooling Hoses
85,Microbial Furnaces
156,Micro Controllers
157,Military Grade Fabrics
126,Military Intelligence
127,Military Plans
31,Mineral Extractors
5,Mineral Oil
181,Modular Terminals
116,Moissanite
10256,Mollusc Brain Tissue
10255,Mollusc Fluid
10252,Mollusc Membrane
10253,Mollusc Mycelium
10254,Mollusc Soft Tissue
10251,Mollusc Spores
10245,Monazite
119,Muon Imager
10246,Musgravite
10219,Mysterious Idol
167,Nanobreakers
12,Narcotics
74,Natural Fabrics
183,Neofabric Insulation
96,Nerve Agents
78,Non-Lethal Weapons
129,Occupied Escape Pod
10435,Onionhead Gamma Strain
10458,Organ Sample
72,Osmium
84,Painite
45,Palladium
35,Performance Enhancers
10159,Personal Effects
79,Personal Weapons
6,Pesticides
81,Platinum
10259,Pod Core Tissue
10257,Pod Dead Tissue
10262,Pod Mesoglea
10260,Pod Outer Tissue
10261,Pod Shell Tissue
10258,Pod Surface Tissue
10263,Pod Tissue
177,Political Prisoners
26,Polymers
153,Power Converter
83,Power Generators
161,Power Transfer Bus
143,Praseodymium
10165,Precious Gems
36,Progenitor Cells
10220,Prohibited Research Materials
10449,Protective Membrane Scrap
130,Prototype Tech
112,Pyrophyllite
162,Radiation Baffle
131,Rare Artwork
80,Reactive Armour
132,Rebel Transmissions
163,Reinforced Mounting Plate
69,Resonating Separators
10243,Rhodplumsite
70,Robotics
10264,Rockforth Fertiliser
59,Rutile
142,Samarium
90,SAP 8 Core Container
178,Scientific Research
179,Scientific Samples
77,Scrap
10453,Semi-Refined Spire Mineral
28,Semiconductors
10244,Serendibite
46,Silver
104,Skimmer Components
53,Slaves
10208,Small Survey Data Cache
10164,Space Pioneer Relics
10487,Steel
117,Structural Regulators
27,Superconductors
97,Surface Stabilisers
164,Survival Equipment
75,Synthetic Fabrics
23,Synthetic Meat
98,Synthetic Reagents
120,Taaffeite
180,Tactical Data
47,Tantalum
22,Tea
133,Technical Blueprints
184,Telemetry Suite
108,Thallium
10236,Thargoid Basilisk Tissue Sample
10450,Thargoid Bio-storage Capsule
10160,Thargoid Biological Matter
10234,Thargoid Cyclops Tissue Sample
10441,Thargoid Glaive Tissue Sample
10235,Thargoid Heart
10239,Thargoid Hydra Tissue Sample
10161,Thargoid Link
10237,Thargoid Medusa Tissue Sample
10438,Thargoid Orthrus Tissue Sample
186,Thargoid Probe
10162,Thargoid Resin
10238,Thargoid Scout Tissue Sample
10448,Thargoid Scythe Tissue Sample
10226,Thargoid Sensor
10163,Thargoid Technology Samples
105,Thermal Cooling Units
109,Thorium
10212,Time Capsule
10442,Titan Deep Tissue Sample
10457,Titan Drive Component
48,Titanium
10445,Titan Maw Deep Tissue Sample
10446,Titan Maw Partial Tissue Sample
10447,Titan Maw Tissue Sample
10444,Titan Partial Tissue Sample
10443,Titan Tissue Sample
13,Tobacco
54,Toxic Waste
134,Trade Data
135,Trinkets of Hidden Fortune
10269,Tritium
10437,Unclassified Relic
10440,Unoccupied Escape Pod
176,Unstable Data Core
60,Uraninite
50,Uranium
10250,Void Opal
139,Water
82,Water Purifiers
14,Wine
10207,Wreckage Components