{
    "name":  "_ship",
    "kind":  "Ship",
    "comment":  "Ship Template",
    "commodities":  [
                        {
                            "Name":  "Advanced Catalysers",
                            "Type":  "advancedcatalysers",
                            "Required":  -1,
                            "Have":  0
                        },
                        {
                            "Name":  "Advanced Medicines",
                            "Type":  "advancedmedicines",
                            "Required":  -1,
                            "Have":  0
                        },
                        {
                            "Name":  "Aepyornis Egg",
                            "Type":  "cetiaepyornisegg",
                            "Required":  -1,
                            "Have":  0
                        },
                        {
                            "Name":  "Aganippe Rush",
                            "Type":  "aganipperush",
                            "Required":  -1,
                            "Have":  0
                        },
                        {
                            "Name":  "Agri-Medicines",
                            "Type":  "agriculturalmedicines",
                            "Required":  -1,
                            "Have":  0
                        },
                        {
                            "Name":  "Agronomic Treatment",
                            "Type":  "agronomictreatment",
                            "Required":  -1,
                            "Have":  0
                        },
                        {
                            "Name":  "AI Relics",
                            "Type":  "airelics",
                            "Required":  -1,
                            "Have":  0
                        },
                        {
                            "Name":  "Alacarakmo Skin Art",
                            "Type":  "alacarakmoskinart",
                            "Required":  -1,
                            "Have":  0
                        },
                        {
                            "Name":  "Albino Quechua Mammoth Meat",
                            "Type":  "albinoquechuamammoth",
                            "Required":  -1,
                            "Have":  0
                        },
                        {
                            "Name":  "Alexandrite",
                            "Type":  "alexandrite",
                            "Required":  -1,
                            "Have":  0
                        },
                        {
                            "Name":  "Algae",
                            "Type":  "algae",
                            "Required":  -1,
                            "Have":  0
                        },
                        {
                            "Name":  "Altairian Skin",
                            "Type":  "altairianskin",
                            "Required":  -1,
                            "Have":  0
                        },
                        {
                            "Name":  "Aluminium",
                            "Type":  "aluminium",
                            "Required":  -1,
                            "Have":  0
                        },
                        {
                            "Name":  "Alya Body Soap",
                            "Type":  "alyabodilysoap",
                            "Required":  -1,
                            "Have":  0
                        },
                        {
                            "Name":  "Ancient Artefact",
                            "Type":  "usscargoancientartefact",
                            "Required":  -1,
                            "Have":  0
                        },
                        {
                            "Name":  "Ancient Key",
                            "Type":  "ancientkey",
                            "Required":  -1,
                            "Have":  0
                        },
                        {
                            "Name":  "Anduliga Fire Works",
                            "Type":  "anduligafireworks",
                            "Required":  -1,
                            "Have":  0
                        },
                        {
                            "Name":  "Animal Meat",
                            "Type":  "animalmeat",
                            "Required":  -1,
                            "Have":  0
                        },
                        {
                            "Name":  "Animal Monitors",
                            "Type":  "animalmonitors",
                            "Required":  -1,
                            "Have":  0
                        },
                        {
                            "Name":  "Anomaly Particles",
                            "Type":  "p_particulatesample",
                            "Required":  -1,
                            "Have":  0
                        },
                        {
                            "Name":  "Antimatter Containment Unit",
                            "Type":  "antimattercontainmentunit",
                            "Required":  -1,
                            "Have":  0
                        },
                        {
                            "Name":  "Antique Jewellery",
                            "Type":  "antiquejewellery",
                            "Required":  -1,
                            "Have":  0
                        },
                        {
                            "Name":  "Antiquities",
                            "Type":  "antiquities",
                            "Required":  -1,
                            "Have":  0
                        },
                        {
                            "Name":  "Any Na Coffee",
                            "Type":  "anynacoffee",
                            "Required":  -1,
                            "Have":  0
                        },
                        {
                            "Name":  "Apa Vietii",
                            "Type":  "apavietii",
                            "Required":  -1,
                            "Have":  0
                        },
                        {
                            "Name":  "Aquaponic Systems",
                            "Type":  "aquaponicsystems",
                            "Required":  -1,
                            "Have":  0
                        },
                        {
                            "Name":  "Arouca Conventual Sweets",
                            "Type":  "aroucaconventualsweets",
                            "Required":  -1,
                            "Have":  0
                        },
                        {
                            "Name":  "Articulation Motors",
                            "Type":  "articulationmotors",
                            "Required":  -1,
                            "Have":  0
                        },
                        {
                            "Name":  "Assault Plans",
                            "Type":  "assaultplans",
                            "Required":  -1,
                            "Have":  0
                        },
                        {
                            "Name":  "Atmospheric Processors",
                            "Type":  "atmosphericextractors",
                            "Required":  -1,
                            "Have":  0
                        },
                        {
                            "Name":  "Auto-Fabricators",
                            "Type":  "autofabricators",
                            "Required":  -1,
                            "Have":  0
                        },
                        {
                            "Name":  "AZ Cancri Formula 42",
                            "Type":  "azcancriformula42",
                            "Required":  -1,
                            "Have":  0
                        },
                        {
                            "Name":  "Azure Milk",
                            "Type":  "bluemilk",
                            "Required":  -1,
                            "Have":  0
                        },
                        {
                            "Name":  "Baked Greebles",
                            "Type":  "bakedgreebles",
                            "Required":  -1,
                            "Have":  0
                        },
                        {
                            "Name":  "Baltah\u0027sine Vacuum Krill",
                            "Type":  "baltahsinevacuumkrill",
                            "Required":  -1,
                            "Have":  0
                        },
                        {
                            "Name":  "Banki Amphibious Leather",
                            "Type":  "bankiamphibiousleather",
                            "Required":  -1,
                            "Have":  0
                        },
                        {
                            "Name":  "Basic Medicines",
                            "Type":  "basicmedicines",
                            "Required":  -1,
                            "Have":  0
                        },
                        {
                            "Name":  "Bast Snake Gin",
                            "Type":  "bastsnakegin",
                            "Required":  -1,
                            "Have":  0
                        },
                        {
                            "Name":  "Battle Weapons",
                            "Type":  "battleweapons",
                            "Required":  -1,
                            "Have":  0
                        },
                        {
                            "Name":  "Bauxite",
                            "Type":  "bauxite",
                            "Required":  -1,
                            "Have":  0
                        },
                        {
                            "Name":  "Beer",
                            "Type":  "beer",
                            "Required":  -1,
                            "Have":  0
                        },
                        {
                            "Name":  "Belalans Ray Leather",
                            "Type":  "belalansrayleather",
                            "Required":  -1,
                            "Have":  0
                        },
                        {
                            "Name":  "Benitoite",
                            "Type":  "benitoite",
                            "Required":  -1,
                            "Have":  0
                        },
                        {
                            "Name":  "Bertrandite",
                            "Type":  "bertrandite",
                            "Required":  -1,
                            "Have":  0
                        },
                        {
                            "Name":  "Beryllium",
                            "Type":  "beryllium",
                            "Required":  -1,
                            "Have":  0
                        },
                        {
                            "Name":  "Bioreducing Lichen",
                            "Type":  "bioreducinglichen",
                            "Required":  -1,
                            "Have":  0
                        },
                        {
                            "Name":  "Biowaste",
                            "Type":  "biowaste",
                            "Required":  -1,
                            "Have":  0
                        },
                        {
                            "Name":  "Bismuth",
                            "Type":  "bismuth",
                            "Required":  -1,
                            "Have":  0
                        },
                        {
                            "Name":  "Bone Fragments",
                            "Type":  "thargoidbonefragments",
                            "Required":  -1,
                            "Have":  0
                        },
                        {
                            "Name":  "Bootleg Liquor",
                            "Type":  "bootlegliquor",
                            "Required":  -1,
                            "Have":  0
                        },
                        {
                            "Name":  "Borasetani Pathogenetics",
                            "Type":  "borasetanipathogenetics",
                            "Required":  -1,
                            "Have":  0
                        },
                        {
                            "Name":  "Bromellite",
                            "Type":  "bromellite",
                            "Required":  -1,
                            "Have":  0
                        },
                        {
                            "Name":  "Buckyball Beer Mats",
                            "Type":  "buckyballbeermats",
                            "Required":  -1,
                            "Have":  0
                        },
                        {
                            "Name":  "Building Fabricators",
                            "Type":  "buildingfabricators",
                            "Required":  -1,
                            "Have":  0
                        },
                        {
                            "Name":  "Burnham Bile Distillate",
                            "Type":  "burnhambiledistillate",
                            "Required":  -1,
                            "Have":  0
                        },
                        {
                            "Name":  "Caustic Tissue Sample",
                            "Type":  "thargoidgeneratortissuesample",
                            "Required":  -1,
                            "Have":  0
                        },
                        {
                            "Name":  "CD-75 Kitten Brand Coffee",
                            "Type":  "cd75catcoffee",
                            "Required":  -1,
                            "Have":  0
                        },
                        {
                            "Name":  "Centauri Mega Gin",
                            "Type":  "centaurimegagin",
                            "Required":  -1,
                            "Have":  0
                        },
                        {
                            "Name":  "Ceramic Composites",
                            "Type":  "ceramiccomposites",
                            "Required":  -1,
                            "Have":  0
                        },
                        {
                            "Name":  "Ceremonial Heike Tea",
                            "Type":  "ceremonialheiketea",
                            "Required":  -1,
                            "Have":  0
                        },
                        {
                            "Name":  "Ceti Rabbits",
                            "Type":  "cetirabbits",
                            "Required":  -1,
                            "Have":  0
                        },
                        {
                            "Name":  "Chameleon Cloth",
                            "Type":  "chameleoncloth",
                            "Required":  -1,
                            "Have":  0
                        },
                        {
                            "Name":  "Chateau De Aegaeon",
                            "Type":  "chateaudeaegaeon",
                            "Required":  -1,
                            "Have":  0
                        },
                        {
                            "Name":  "Chemical Waste",
                            "Type":  "chemicalwaste",
                            "Required":  -1,
                            "Have":  0
                        },
                        {
                            "Name":  "Cherbones Blood Crystals",
                            "Type":  "cherbonesbloodcrystals",
                            "Required":  -1,
                            "Have":  0
                        },
                        {
                            "Name":  "Chi Eridani Marine Paste",
                            "Type":  "chieridanimarinepaste",
                            "Required":  -1,
                            "Have":  0
                        },
                        {
                            "Name":  "Classified Experimental Equipment",
                            "Type":  "classifiedexperimentalequipment",
                            "Required":  -1,
                            "Have":  0
                        },
                        {
                            "Name":  "Clothing",
                            "Type":  "clothing",
                            "Required":  -1,
                            "Have":  0
                        },
                        {
                            "Name":  "CMM Composite",
                            "Type":  "cmmcomposite",
                            "Required":  -1,
                            "Have":  0
                        },
                        {
                            "Name":  "Cobalt",
                            "Type":  "cobalt",
                            "Required":  -1,
                            "Have":  0
                        },
                        {
                            "Name":  "Coffee",
                            "Type":  "coffee",
                            "Required":  -1,
                            "Have":  0
                        },
                        {
                            "Name":  "Coltan",
                            "Type":  "coltan",
                            "Required":  -1,
                            "Have":  0
                        },
                        {
                            "Name":  "Combat Stabilisers",
                            "Type":  "combatstabilisers",
                            "Required":  -1,
                            "Have":  0
                        },
                        {
                            "Name":  "Commercial Samples",
                            "Type":  "comercialsamples",
                            "Required":  -1,
                            "Have":  0
                        },
                        {
                            "Name":  "Computer Components",
                            "Type":  "computercomponents",
                            "Required":  -1,
                            "Have":  0
                        },
                        {
                            "Name":  "Conductive Fabrics",
                            "Type":  "conductivefabrics",
                            "Required":  -1,
                            "Have":  0
                        },
                        {
                            "Name":  "Consumer Technology",
                            "Type":  "consumertechnology",
                            "Required":  -1,
                            "Have":  0
                        },
                        {
                            "Name":  "Copper",
                            "Type":  "copper",
                            "Required":  -1,
                            "Have":  0
                        },
                        {
                            "Name":  "Coquim Spongiform Victuals",
                            "Type":  "coquimspongiformvictuals",
                            "Required":  -1,
                            "Have":  0
                        },
                        {
                            "Name":  "Coral Sap",
                            "Type":  "coralsap",
                            "Required":  -1,
                            "Have":  0
                        },
                        {
                            "Name":  "Crom Silver Fesh",
                            "Type":  "animaleffigies",
                            "Required":  -1,
                            "Have":  0
                        },
                        {
                            "Name":  "Crop Harvesters",
                            "Type":  "cropharvesters",
                            "Required":  -1,
                            "Have":  0
                        },
                        {
                            "Name":  "Cryolite",
                            "Type":  "cryolite",
                            "Required":  -1,
                            "Have":  0
                        },
                        {
                            "Name":  "Crystalline Spheres",
                            "Type":  "crystallinespheres",
                            "Required":  -1,
                            "Have":  0
                        },
                        {
                            "Name":  "Cyst Specimen",
                            "Type":  "thargoidcystspecimen",
                            "Required":  -1,
                            "Have":  0
                        },
                        {
                            "Name":  "Damna Carapaces",
                            "Type":  "damnacarapaces",
                            "Required":  -1,
                            "Have":  0
                        },
                        {
                            "Name":  "Data Core",
                            "Type":  "datacore",
                            "Required":  -1,
                            "Have":  0
                        },
                        {
                            "Name":  "Delta Phoenicis Palms",
                            "Type":  "deltaphoenicispalms",
                            "Required":  -1,
                            "Have":  0
                        },
                        {
                            "Name":  "Deuringas Truffles",
                            "Type":  "deuringastruffles",
                            "Required":  -1,
                            "Have":  0
                        },
                        {
                            "Name":  "Diplomatic Bag",
                            "Type":  "diplomaticbag",
                            "Required":  -1,
                            "Have":  0
                        },
                        {
                            "Name":  "Diso Ma Corn",
                            "Type":  "disomacorn",
                            "Required":  -1,
                            "Have":  0
                        },
                        {
                            "Name":  "Domestic Appliances",
                            "Type":  "domesticappliances",
                            "Required":  -1,
                            "Have":  0
                        },
                        {
                            "Name":  "Duradrives",
                            "Type":  "duradrives",
                            "Required":  -1,
                            "Have":  0
                        },
                        {
                            "Name":  "Earth Relics",
                            "Type":  "earthrelics",
                            "Required":  -1,
                            "Have":  0
                        },
                        {
                            "Name":  "Eden Apples Of Aerial",
                            "Type":  "aerialedenapple",
                            "Required":  -1,
                            "Have":  0
                        },
                        {
                            "Name":  "Eleu Thermals",
                            "Type":  "eleuthermals",
                            "Required":  -1,
                            "Have":  0
                        },
                        {
                            "Name":  "Emergency Power Cells",
                            "Type":  "emergencypowercells",
                            "Required":  -1,
                            "Have":  0
                        },
                        {
                            "Name":  "Encrypted Correspondence",
                            "Type":  "encryptedcorrespondence",
                            "Required":  -1,
                            "Have":  0
                        },
                        {
                            "Name":  "Encrypted Data Storage",
                            "Type":  "encripteddatastorage",
                            "Required":  -1,
                            "Have":  0
                        },
                        {
                            "Name":  "Energy Grid Assembly",
                            "Type":  "powergridassembly",
                            "Required":  -1,
                            "Have":  0
                        },
                        {
                            "Name":  "Eranin Pearl Whisky",
                            "Type":  "eraninpearlwhisky",
                            "Required":  -1,
                            "Have":  0
                        },
                        {
                            "Name":  "Eshu Umbrellas",
                            "Type":  "eshuumbrellas",
                            "Required":  -1,
                            "Have":  0
                        },
                        {
                            "Name":  "Esuseku Caviar",
                            "Type":  "esusekucaviar",
                            "Required":  -1,
                            "Have":  0
                        },
                        {
                            "Name":  "Ethgreze Tea Buds",
                            "Type":  "ethgrezeteabuds",
                            "Required":  -1,
                            "Have":  0
                        },
                        {
                            "Name":  "Evacuation Shelter",
                            "Type":  "evacuationshelter",
                            "Required":  -1,
                            "Have":  0
                        },
                        {
                            "Name":  "Exhaust Manifold",
                            "Type":  "exhaustmanifold",
                            "Required":  -1,
                            "Have":  0
                        },
                        {
                            "Name":  "Experimental Chemicals",
                            "Type":  "usscargoexperimentalchemicals",
                            "Required":  -1,
                            "Have":  0
                        },
                        {
                            "Name":  "Explosives",
                            "Type":  "explosives",
                            "Required":  -1,
                            "Have":  0
                        },
                        {
                            "Name":  "Festive Gifts",
                            "Type":  "personalgifts",
                            "Required":  -1,
                            "Have":  0
                        },
                        {
                            "Name":  "Fish",
                            "Type":  "fish",
                            "Required":  -1,
                            "Have":  0
                        },
                        {
                            "Name":  "Food Cartridges",
                            "Type":  "foodcartridges",
                            "Required":  -1,
                            "Have":  0
                        },
                        {
                            "Name":  "Fossil Remnants",
                            "Type":  "fossilremnants",
                            "Required":  -1,
                            "Have":  0
                        },
                        {
                            "Name":  "Fruit and Vegetables",
                            "Type":  "fruitandvegetables",
                            "Required":  -1,
                            "Have":  0
                        },
                        {
                            "Name":  "Fujin Tea",
                            "Type":  "fujintea",
                            "Required":  -1,
                            "Have":  0
                        },
                        {
                            "Name":  "Galactic Travel Guide",
                            "Type":  "galactictravelguide",
                            "Required":  -1,
                            "Have":  0
                        },
                        {
                            "Name":  "Gallite",
                            "Type":  "gallite",
                            "Required":  -1,
                            "Have":  0
                        },
                        {
                            "Name":  "Gallium",
                            "Type":  "gallium",
                            "Required":  -1,
                            "Have":  0
                        },
                        {
                            "Name":  "Geawen Dance Dust",
                            "Type":  "geawendancedust",
                            "Required":  -1,
                            "Have":  0
                        },
                        {
                            "Name":  "Gene Bank",
                            "Type":  "genebank",
                            "Required":  -1,
                            "Have":  0
                        },
                        {
                            "Name":  "Geological Equipment",
                            "Type":  "geologicalequipment",
                            "Required":  -1,
                            "Have":  0
                        },
                        {
                            "Name":  "Geological Samples",
                            "Type":  "geologicalsamples",
                            "Required":  -1,
                            "Have":  0
                        },
                        {
                            "Name":  "Gerasian Gueuze Beer",
                            "Type":  "gerasiangueuzebeer",
                            "Required":  -1,
                            "Have":  0
                        },
                        {
                            "Name":  "Giant Irukama Snails",
                            "Type":  "giantirukamasnails",
                            "Required":  -1,
                            "Have":  0
                        },
                        {
                            "Name":  "Giant Verrix",
                            "Type":  "giantverrix",
                            "Required":  -1,
                            "Have":  0
                        },
                        {
                            "Name":  "Gilya Signature Weapons",
                            "Type":  "gilyasignatureweapons",
                            "Required":  -1,
                            "Have":  0
                        },
                        {
                            "Name":  "Gold",
                            "Type":  "gold",
                            "Required":  -1,
                            "Have":  0
                        },
                        {
                            "Name":  "Goman Yaupon Coffee",
                            "Type":  "gomanyauponcoffee",
                            "Required":  -1,
                            "Have":  0
                        },
                        {
                            "Name":  "Goslarite",
                            "Type":  "goslarite",
                            "Required":  -1,
                            "Have":  0
                        },
                        {
                            "Name":  "Grain",
                            "Type":  "grain",
                            "Required":  -1,
                            "Have":  0
                        },
                        {
                            "Name":  "Grandidierite",
                            "Type":  "grandidierite",
                            "Required":  -1,
                            "Have":  0
                        },
                        {
                            "Name":  "Guardian Casket",
                            "Type":  "ancientcasket",
                            "Required":  -1,
                            "Have":  0
                        },
                        {
                            "Name":  "Guardian Orb",
                            "Type":  "ancientorb",
                            "Required":  -1,
                            "Have":  0
                        },
                        {
                            "Name":  "Guardian Relic",
                            "Type":  "ancientrelic",
                            "Required":  -1,
                            "Have":  0
                        },
                        {
                            "Name":  "Guardian Tablet",
                            "Type":  "ancienttablet",
                            "Required":  -1,
                            "Have":  0
                        },
                        {
                            "Name":  "Guardian Totem",
                            "Type":  "ancienttotem",
                            "Required":  -1,
                            "Have":  0
                        },
                        {
                            "Name":  "Guardian Urn",
                            "Type":  "ancienturn",
                            "Required":  -1,
                            "Have":  0
                        },
                        {
                            "Name":  "H.E. Suits",
                            "Type":  "hazardousenvironmentsuits",
                            "Required":  -1,
                            "Have":  0
                        },
                        {
                            "Name":  "Haematite",
                            "Type":  "haematite",
                            "Required":  -1,
                            "Have":  0
                        },
                        {
                            "Name":  "Hafnium 178",
                            "Type":  "hafnium178",
                            "Required":  -1,
                            "Have":  0
                        },
                        {
                            "Name":  "Haiden Black Brew",
                            "Type":  "haidneblackbrew",
                            "Required":  -1,
                            "Have":  0
                        },
                        {
                            "Name":  "Hardware Diagnostic Sensor",
                            "Type":  "diagnosticsensor",
                            "Required":  -1,
                            "Have":  0
                        },
                        {
                            "Name":  "Harma Silver Sea Rum",
                            "Type":  "harmasilversearum",
                            "Required":  -1,
                            "Have":  0
                        },
                        {
                            "Name":  "Havasupai Dream Catcher",
                            "Type":  "havasupaidreamcatcher",
                            "Required":  -1,
                            "Have":  0
                        },
                        {
                            "Name":  "Heatsink Interlink",
                            "Type":  "heatsinkinterlink",
                            "Required":  -1,
                            "Have":  0
                        },
                        {
                            "Name":  "Helvetitj Pearls",
                            "Type":  "helvetitjpearls",
                            "Required":  -1,
                            "Have":  0
                        },
                        {
                            "Name":  "HIP 10175 Bush Meat",
                            "Type":  "hip10175bushmeat",
                            "Required":  -1,
                            "Have":  0
                        },
                        {
                            "Name":  "HIP 118311 Swarm",
                            "Type":  "hip118311swarm",
                            "Required":  -1,
                            "Have":  0
                        },
                        {
                            "Name":  "Hip Organophosphates",
                            "Type":  "hiporganophosphates",
                            "Required":  -1,
                            "Have":  0
                        },
                        {
                            "Name":  "HIP Proto-Squid",
                            "Type":  "hip41181squid",
                            "Required":  -1,
                            "Have":  0
                        },
                        {
                            "Name":  "HN Shock Mount",
                            "Type":  "hnshockmount",
                            "Required":  -1,
                            "Have":  0
                        },
                        {
                            "Name":  "Holva Duelling Blades",
                            "Type":  "holvaduellingblades",
                            "Required":  -1,
                            "Have":  0
                        },
                        {
                            "Name":  "Honesty Pills",
                            "Type":  "honestypills",
                            "Required":  -1,
                            "Have":  0
                        },
                        {
                            "Name":  "HR 7221 Wheat",
                            "Type":  "hr7221wheat",
                            "Required":  -1,
                            "Have":  0
                        },
                        {
                            "Name":  "Hydrogen Fuel",
                            "Type":  "hydrogenfuel",
                            "Required":  -1,
                            "Have":  0
                        },
                        {
                            "Name":  "Hydrogen Peroxide",
                            "Type":  "hydrogenperoxide",
                            "Required":  -1,
                            "Have":  0
                        },
                        {
                            "Name":  "Imperial Slaves",
                            "Type":  "imperialslaves",
                            "Required":  -1,
                            "Have":  0
                        },
                        {
                            "Name":  "Impure Spire Mineral",
                            "Type":  "unknownmineral",
                            "Required":  -1,
                            "Have":  0
                        },
                        {
                            "Name":  "Indi Bourbon",
                            "Type":  "indibourbon",
                            "Required":  -1,
                            "Have":  0
                        },
                        {
                            "Name":  "Indite",
                            "Type":  "indite",
                            "Required":  -1,
                            "Have":  0
                        },
                        {
                            "Name":  "Indium",
                            "Type":  "indium",
                            "Required":  -1,
                            "Have":  0
                        },
                        {
                            "Name":  "Insulating Membrane",
                            "Type":  "insulatingmembrane",
                            "Required":  -1,
                            "Have":  0
                        },
                        {
                            "Name":  "Ion Distributor",
                            "Type":  "iondistributor",
                            "Required":  -1,
                            "Have":  0
                        },
                        {
                            "Name":  "Jadeite",
                            "Type":  "jadeite",
                            "Required":  -1,
                            "Have":  0
                        },
                        {
                            "Name":  "Jaques Quinentian Still",
                            "Type":  "jaquesquinentianstill",
                            "Required":  -1,
                            "Have":  0
                        },
                        {
                            "Name":  "Jaradharre Puzzle Box",
                            "Type":  "jaradharrepuzzlebox",
                            "Required":  -1,
                            "Have":  0
                        },
                        {
                            "Name":  "Jaroua Rice",
                            "Type":  "jarouarice",
                            "Required":  -1,
                            "Have":  0
                        },
                        {
                            "Name":  "Jotun Mookah",
                            "Type":  "jotunmookah",
                            "Required":  -1,
                            "Have":  0
                        },
                        {
                            "Name":  "Kachirigin Filter Leeches",
                            "Type":  "kachiriginleaches",
                            "Required":  -1,
                            "Have":  0
                        },
                        {
                            "Name":  "Kamitra Cigars",
                            "Type":  "kamitracigars",
                            "Required":  -1,
                            "Have":  0
                        },
                        {
                            "Name":  "Kamorin Historic Weapons",
                            "Type":  "kamorinhistoricweapons",
                            "Required":  -1,
                            "Have":  0
                        },
                        {
                            "Name":  "Karetii Couture",
                            "Type":  "karetiicouture",
                            "Required":  -1,
                            "Have":  0
                        },
                        {
                            "Name":  "Karsuki Locusts",
                            "Type":  "karsukilocusts",
                            "Required":  -1,
                            "Have":  0
                        },
                        {
                            "Name":  "Kinago Violins",
                            "Type":  "kinagoinstruments",
                            "Required":  -1,
                            "Have":  0
                        },
                        {
                            "Name":  "Kongga Ale",
                            "Type":  "konggaale",
                            "Required":  -1,
                            "Have":  0
                        },
                        {
                            "Name":  "Koro Kung Pellets",
                            "Type":  "korrokungpellets",
                            "Required":  -1,
                            "Have":  0
                        },
                        {
                            "Name":  "Land Enrichment Systems",
                            "Type":  "terrainenrichmentsystems",
                            "Required":  -1,
                            "Have":  0
                        },
                        {
                            "Name":  "Landmines",
                            "Type":  "landmines",
                            "Required":  -1,
                            "Have":  0
                        },
                        {
                            "Name":  "Lanthanum",
                            "Type":  "lanthanum",
                            "Required":  -1,
                            "Have":  0
                        },
                        {
                            "Name":  "Large Survey Data Cache",
                            "Type":  "largeexplorationdatacash",
                            "Required":  -1,
                            "Have":  0
                        },
                        {
                            "Name":  "Lavian Brandy",
                            "Type":  "lavianbrandy",
                            "Required":  -1,
                            "Have":  0
                        },
                        {
                            "Name":  "Leather",
                            "Type":  "leather",
                            "Required":  -1,
                            "Have":  0
                        },
                        {
                            "Name":  "Leathery Eggs",
                            "Type":  "alieneggs",
                            "Required":  -1,
                            "Have":  0
                        },
                        {
                            "Name":  "Leestian Evil Juice",
                            "Type":  "leestianeviljuice",
                            "Required":  -1,
                            "Have":  0
                        },
                        {
                            "Name":  "Lepidolite",
                            "Type":  "lepidolite",
                            "Required":  -1,
                            "Have":  0
                        },
                        {
                            "Name":  "Liquid oxygen",
                            "Type":  "liquidoxygen",
                            "Required":  -1,
                            "Have":  0
                        },
                        {
                            "Name":  "Liquor",
                            "Type":  "liquor",
                            "Required":  -1,
                            "Have":  0
                        },
                        {
                            "Name":  "Lithium",
                            "Type":  "lithium",
                            "Required":  -1,
                            "Have":  0
                        },
                        {
                            "Name":  "Lithium Hydroxide",
                            "Type":  "lithiumhydroxide",
                            "Required":  -1,
                            "Have":  0
                        },
                        {
                            "Name":  "Live Hecate Sea Worms",
                            "Type":  "livehecateseaworms",
                            "Required":  -1,
                            "Have":  0
                        },
                        {
                            "Name":  "Low Temp. Diamonds",
                            "Type":  "lowtemperaturediamond",
                            "Required":  -1,
                            "Have":  0
                        },
                        {
                            "Name":  "LTT Hyper Sweet",
                            "Type":  "ltthypersweet",
                            "Required":  -1,
                            "Have":  0
                        },
                        {
                            "Name":  "Lucan Onionhead",
                            "Type":  "transgeniconionhead",
                            "Required":  -1,
                            "Have":  0
                        },
                        {
                            "Name":  "Lyrae Weed",
                            "Type":  "lyraeweed",
                            "Required":  -1,
                            "Have":  0
                        },
                        {
                            "Name":  "Magnetic Emitter Coil",
                            "Type":  "magneticemittercoil",
                            "Required":  -1,
                            "Have":  0
                        },
                        {
                            "Name":  "Marine Equipment",
                            "Type":  "marinesupplies",
                            "Required":  -1,
                            "Have":  0
                        },
                        {
                            "Name":  "Master Chefs",
                            "Type":  "masterchefs",
                            "Required":  -1,
                            "Have":  0
                        },
                        {
                            "Name":  "Mechucos High Tea",
                            "Type":  "mechucoshightea",
                            "Required":  -1,
                            "Have":  0
                        },
                        {
                            "Name":  "Medb Starlube",
                            "Type":  "medbstarlube",
                            "Required":  -1,
                            "Have":  0
                        },
                        {
                            "Name":  "Medical Diagnostic Equipment",
                            "Type":  "medicaldiagnosticequipment",
                            "Required":  -1,
                            "Have":  0
                        },
                        {
                            "Name":  "Meta-Alloys",
                            "Type":  "metaalloys",
                            "Required":  -1,
                            "Have":  0
                        },
                        {
                            "Name":  "Methane Clathrate",
                            "Type":  "methaneclathrate",
                            "Required":  -1,
                            "Have":  0
                        },
                        {
                            "Name":  "Methanol Monohydrate Crystals",
                            "Type":  "methanolmonohydratecrystals",
                            "Required":  -1,
                            "Have":  0
                        },
                        {
                            "Name":  "Micro Controllers",
                            "Type":  "microcontrollers",
                            "Required":  -1,
                            "Have":  0
                        },
                        {
                            "Name":  "Microbial Furnaces",
                            "Type":  "heliostaticfurnaces",
                            "Required":  -1,
                            "Have":  0
                        },
                        {
                            "Name":  "Micro-weave Cooling Hoses",
                            "Type":  "coolinghoses",
                            "Required":  -1,
                            "Have":  0
                        },
                        {
                            "Name":  "Military Grade Fabrics",
                            "Type":  "militarygradefabrics",
                            "Required":  -1,
                            "Have":  0
                        },
                        {
                            "Name":  "Military Intelligence",
                            "Type":  "militaryintelligence",
                            "Required":  -1,
                            "Have":  0
                        },
                        {
                            "Name":  "Military Plans",
                            "Type":  "usscargomilitaryplans",
                            "Required":  -1,
                            "Have":  0
                        },
                        {
                            "Name":  "Mineral Extractors",
                            "Type":  "mineralextractors",
                            "Required":  -1,
                            "Have":  0
                        },
                        {
                            "Name":  "Mineral Oil",
                            "Type":  "mineraloil",
                            "Required":  -1,
                            "Have":  0
                        },
                        {
                            "Name":  "Modular Terminals",
                            "Type":  "modularterminals",
                            "Required":  -1,
                            "Have":  0
                        },
                        {
                            "Name":  "Moissanite",
                            "Type":  "moissanite",
                            "Required":  -1,
                            "Have":  0
                        },
                        {
                            "Name":  "Mokojing Beast Feast",
                            "Type":  "mokojingbeastfeast",
                            "Required":  -1,
                            "Have":  0
                        },
                        {
                            "Name":  "Mollusc Brain Tissue",
                            "Type":  "m_tissuesample_nerves",
                            "Required":  -1,
                            "Have":  0
                        },
                        {
                            "Name":  "Mollusc Fluid",
                            "Type":  "m_tissuesample_fluid",
                            "Required":  -1,
                            "Have":  0
                        },
                        {
                            "Name":  "Mollusc Membrane",
                            "Type":  "m3_tissuesample_membrane",
                            "Required":  -1,
                            "Have":  0
                        },
                        {
                            "Name":  "Mollusc Mycelium",
                            "Type":  "m3_tissuesample_mycelium",
                            "Required":  -1,
                            "Have":  0
                        },
                        {
                            "Name":  "Mollusc Soft Tissue",
                            "Type":  "m_tissuesample_soft",
                            "Required":  -1,
                            "Have":  0
                        },
                        {
                            "Name":  "Mollusc Spores",
                            "Type":  "m3_tissuesample_spores",
                            "Required":  -1,
                            "Have":  0
                        },
                        {
                            "Name":  "Momus Bog Spaniel",
                            "Type":  "momusbogspaniel",
                            "Required":  -1,
                            "Have":  0
                        },
                        {
                            "Name":  "Monazite",
                            "Type":  "monazite",
                            "Required":  -1,
                            "Have":  0
                        },
                        {
                            "Name":  "Motrona Experience Jelly",
                            "Type":  "motronaexperiencejelly",
                            "Required":  -1,
                            "Have":  0
                        },
                        {
                            "Name":  "Mukusubii Chitin-os",
                            "Type":  "mukusubiichitinos",
                            "Required":  -1,
                            "Have":  0
                        },
                        {
                            "Name":  "Mulachi Giant Fungus",
                            "Type":  "mulachigiantfungus",
                            "Required":  -1,
                            "Have":  0
                        },
                        {
                            "Name":  "Muon Imager",
                            "Type":  "mutomimager",
                            "Required":  -1,
                            "Have":  0
                        },
                        {
                            "Name":  "Musgravite",
                            "Type":  "musgravite",
                            "Required":  -1,
                            "Have":  0
                        },
                        {
                            "Name":  "Mysterious Idol",
                            "Type":  "mysteriousidol",
                            "Required":  -1,
                            "Have":  0
                        },
                        {
                            "Name":  "Nanobreakers",
                            "Type":  "nanobreakers",
                            "Required":  -1,
                            "Have":  0
                        },
                        {
                            "Name":  "Nanomedicines",
                            "Type":  "nanomedicines",
                            "Required":  -1,
                            "Have":  0
                        },
                        {
                            "Name":  "Narcotics",
                            "Type":  "basicnarcotics",
                            "Required":  -1,
                            "Have":  0
                        },
                        {
                            "Name":  "Natural Fabrics",
                            "Type":  "naturalfabrics",
                            "Required":  -1,
                            "Have":  0
                        },
                        {
                            "Name":  "Neofabric Insulation",
                            "Type":  "neofabricinsulation",
                            "Required":  -1,
                            "Have":  0
                        },
                        {
                            "Name":  "Neritus Berries",
                            "Type":  "neritusberries",
                            "Required":  -1,
                            "Have":  0
                        },
                        {
                            "Name":  "Nerve Agents",
                            "Type":  "nerveagents",
                            "Required":  -1,
                            "Have":  0
                        },
                        {
                            "Name":  "Ngadandari Fire Opals",
                            "Type":  "ngadandarifireopals",
                            "Required":  -1,
                            "Have":  0
                        },
                        {
                            "Name":  "Nguna Modern Antiques",
                            "Type":  "ngunamodernantiques",
                            "Required":  -1,
                            "Have":  0
                        },
                        {
                            "Name":  "Njangari Saddles",
                            "Type":  "njangarisaddles",
                            "Required":  -1,
                            "Have":  0
                        },
                        {
                            "Name":  "Non Euclidian Exotanks",
                            "Type":  "noneuclidianexotanks",
                            "Required":  -1,
                            "Have":  0
                        },
                        {
                            "Name":  "Non-Lethal Weapons",
                            "Type":  "nonlethalweapons",
                            "Required":  -1,
                            "Have":  0
                        },
                        {
                            "Name":  "Ochoeng Chillies",
                            "Type":  "ochoengchillies",
                            "Required":  -1,
                            "Have":  0
                        },
                        {
                            "Name":  "Onionhead",
                            "Type":  "onionhead",
                            "Required":  -1,
                            "Have":  0
                        },
                        {
                            "Name":  "Onionhead Alpha Strain",
                            "Type":  "onionheada",
                            "Required":  -1,
                            "Have":  0
                        },
                        {
                            "Name":  "Onionhead Beta Strain",
                            "Type":  "onionheadb",
                            "Required":  -1,
                            "Have":  0
                        },
                        {
                            "Name":  "Onionhead Gamma Strain",
                            "Type":  "onionheadc",
                            "Required":  -1,
                            "Have":  0
                        },
                        {
                            "Name":  "Ophiuch Exino Artefacts",
                            "Type":  "ophiuchiexinoartefacts",
                            "Required":  -1,
                            "Have":  0
                        },
                        {
                            "Name":  "Organ Sample",
                            "Type":  "thargoidorgansample",
                            "Required":  -1,
                            "Have":  0
                        },
                        {
                            "Name":  "Orrerian Vicious Brew",
                            "Type":  "orrerianviciousbrew",
                            "Required":  -1,
                            "Have":  0
                        },
                        {
                            "Name":  "Osmium",
                            "Type":  "osmium",
                            "Required":  -1,
                            "Have":  0
                        },
                        {
                            "Name":  "Painite",
                            "Type":  "painite",
                            "Required":  -1,
                            "Have":  0
                        },
                        {
                            "Name":  "Palladium",
                            "Type":  "palladium",
                            "Required":  -1,
                            "Have":  0
                        },
                        {
                            "Name":  "Pantaa Prayer Sticks",
                            "Type":  "pantaaprayersticks",
                            "Required":  -1,
                            "Have":  0
                        },
                        {
                            "Name":  "Pavonis Ear Grubs",
                            "Type":  "pavoniseargrubs",
                            "Required":  -1,
                            "Have":  0
                        },
                        {
                            "Name":  "Performance Enhancers",
                            "Type":  "performanceenhancers",
                            "Required":  -1,
                            "Have":  0
                        },
                        {
                            "Name":  "Personal Weapons",
                            "Type":  "personalweapons",
                            "Required":  -1,
                            "Have":  0
                        },
                        {
                            "Name":  "Pesticides",
                            "Type":  "pesticides",
                            "Required":  -1,
                            "Have":  0
                        },
                        {
                            "Name":  "Platinum",
                            "Type":  "platinum",
                            "Required":  -1,
                            "Have":  0
                        },
                        {
                            "Name":  "Platinum Alloy",
                            "Type":  "platinumaloy",
                            "Required":  -1,
                            "Have":  0
                        },
                        {
                            "Name":  "Pod Core Tissue",
                            "Type":  "s_tissuesample_cells",
                            "Required":  -1,
                            "Have":  0
                        },
                        {
                            "Name":  "Pod Dead Tissue",
                            "Type":  "s_tissuesample_surface",
                            "Required":  -1,
                            "Have":  0
                        },
                        {
                            "Name":  "Pod Mesoglea",
                            "Type":  "s6_tissuesample_mesoglea",
                            "Required":  -1,
                            "Have":  0
                        },
                        {
                            "Name":  "Pod Outer Tissue",
                            "Type":  "s6_tissuesample_cells",
                            "Required":  -1,
                            "Have":  0
                        },
                        {
                            "Name":  "Pod Shell Tissue",
                            "Type":  "s6_tissuesample_coenosarc",
                            "Required":  -1,
                            "Have":  0
                        },
                        {
                            "Name":  "Pod Surface Tissue",
                            "Type":  "s_tissuesample_core",
                            "Required":  -1,
                            "Have":  0
                        },
                        {
                            "Name":  "Pod Tissue",
                            "Type":  "s9_tissuesample_shell",
                            "Required":  -1,
                            "Have":  0
                        },
                        {
                            "Name":  "Polymers",
                            "Type":  "polymers",
                            "Required":  -1,
                            "Have":  0
                        },
                        {
                            "Name":  "Power Converter",
                            "Type":  "powerconverter",
                            "Required":  -1,
                            "Have":  0
                        },
                        {
                            "Name":  "Power Generators",
                            "Type":  "powergenerators",
                            "Required":  -1,
                            "Have":  0
                        },
                        {
                            "Name":  "Power Transfer Bus",
                            "Type":  "powertransferconduits",
                            "Required":  -1,
                            "Have":  0
                        },
                        {
                            "Name":  "Praseodymium",
                            "Type":  "praseodymium",
                            "Required":  -1,
                            "Have":  0
                        },
                        {
                            "Name":  "Precious Gems",
                            "Type":  "preciousgems",
                            "Required":  -1,
                            "Have":  0
                        },
                        {
                            "Name":  "Progenitor Cells",
                            "Type":  "progenitorcells",
                            "Required":  -1,
                            "Have":  0
                        },
                        {
                            "Name":  "Prohibited Research Materials",
                            "Type":  "prohibitedresearchmaterials",
                            "Required":  -1,
                            "Have":  0
                        },
                        {
                            "Name":  "Protective Membrane Scrap",
                            "Type":  "unknownsack",
                            "Required":  -1,
                            "Have":  0
                        },
                        {
                            "Name":  "Prototype Tech",
                            "Type":  "usscargoprototypetech",
                            "Required":  -1,
                            "Have":  0
                        },
                        {
                            "Name":  "Pyrophyllite",
                            "Type":  "pyrophyllite",
                            "Required":  -1,
                            "Have":  0
                        },
                        {
                            "Name":  "Radiation Baffle",
                            "Type":  "radiationbaffle",
                            "Required":  -1,
                            "Have":  0
                        },
                        {
                            "Name":  "Rajukru Multi-Stoves",
                            "Type":  "rajukrustoves",
                            "Required":  -1,
                            "Have":  0
                        },
                        {
                            "Name":  "Rapa Bao Snake Skins",
                            "Type":  "rapabaosnakeskins",
                            "Required":  -1,
                            "Have":  0
                        },
                        {
                            "Name":  "Rare Artwork",
                            "Type":  "usscargorareartwork",
                            "Required":  -1,
                            "Have":  0
                        },
                        {
                            "Name":  "Reactive Armour",
                            "Type":  "reactivearmour",
                            "Required":  -1,
                            "Have":  0
                        },
                        {
                            "Name":  "Rebel Transmissions",
                            "Type":  "usscargorebeltransmissions",
                            "Required":  -1,
                            "Have":  0
                        },
                        {
                            "Name":  "Reinforced Mounting Plate",
                            "Type":  "reinforcedmountingplate",
                            "Required":  -1,
                            "Have":  0
                        },
                        {
                            "Name":  "Resonating Separators",
                            "Type":  "resonatingseparators",
                            "Required":  -1,
                            "Have":  0
                        },
                        {
                            "Name":  "Rhodplumsite",
                            "Type":  "rhodplumsite",
                            "Required":  -1,
                            "Have":  0
                        },
                        {
                            "Name":  "Robotics",
                            "Type":  "robotics",
                            "Required":  -1,
                            "Have":  0
                        },
                        {
                            "Name":  "Rockforth Fertiliser",
                            "Type":  "rockforthfertiliser",
                            "Required":  -1,
                            "Have":  0
                        },
                        {
                            "Name":  "Rusani Old Smokey",
                            "Type":  "rusanioldsmokey",
                            "Required":  -1,
                            "Have":  0
                        },
                        {
                            "Name":  "Rutile",
                            "Type":  "rutile",
                            "Required":  -1,
                            "Have":  0
                        },
                        {
                            "Name":  "Samarium",
                            "Type":  "samarium",
                            "Required":  -1,
                            "Have":  0
                        },
                        {
                            "Name":  "Sanuma Decorative Meat",
                            "Type":  "sanumameat",
                            "Required":  -1,
                            "Have":  0
                        },
                        {
                            "Name":  "SAP 8 Core Container",
                            "Type":  "sap8corecontainer",
                            "Required":  -1,
                            "Have":  0
                        },
                        {
                            "Name":  "Saxon Wine",
                            "Type":  "saxonwine",
                            "Required":  -1,
                            "Have":  0
                        },
                        {
                            "Name":  "Scientific Research",
                            "Type":  "scientificresearch",
                            "Required":  -1,
                            "Have":  0
                        },
                        {
                            "Name":  "Scientific Samples",
                            "Type":  "scientificsamples",
                            "Required":  -1,
                            "Have":  0
                        },
                        {
                            "Name":  "Scrap",
                            "Type":  "scrap",
                            "Required":  -1,
                            "Have":  0
                        },
                        {
                            "Name":  "Semiconductors",
                            "Type":  "semiconductors",
                            "Required":  -1,
                            "Have":  0
                        },
                        {
                            "Name":  "Semi-Refined Spire Mineral",
                            "Type":  "unknownrefinedmineral",
                            "Required":  -1,
                            "Have":  0
                        },
                        {
                            "Name":  "Serendibite",
                            "Type":  "serendibite",
                            "Required":  -1,
                            "Have":  0
                        },
                        {
                            "Name":  "Shan\u0027s Charis Orchid",
                            "Type":  "shanscharisorchid",
                            "Required":  -1,
                            "Have":  0
                        },
                        {
                            "Name":  "Silver",
                            "Type":  "silver",
                            "Required":  -1,
                            "Have":  0
                        },
                        {
                            "Name":  "Skimmer Components",
                            "Type":  "skimercomponents",
                            "Required":  -1,
                            "Have":  0
                        },
                        {
                            "Name":  "Slaves",
                            "Type":  "slaves",
                            "Required":  -1,
                            "Have":  0
                        },
                        {
                            "Name":  "Small Survey Data Cache",
                            "Type":  "smallexplorationdatacash",
                            "Required":  -1,
                            "Have":  0
                        },
                        {
                            "Name":  "Soontill Relics",
                            "Type":  "soontillrelics",
                            "Required":  -1,
                            "Have":  0
                        },
                        {
                            "Name":  "Sothis Crystalline Gold",
                            "Type":  "sothiscrystallinegold",
                            "Required":  -1,
                            "Have":  0
                        },
                        {
                            "Name":  "Space Pioneer Relics",
                            "Type":  "spacepioneerrelics",
                            "Required":  -1,
                            "Have":  0
                        },
                        {
                            "Name":  "Steel",
                            "Type":  "steel",
                            "Required":  -1,
                            "Have":  0
                        },
                        {
                            "Name":  "Structural Regulators",
                            "Type":  "structuralregulators",
                            "Required":  -1,
                            "Have":  0
                        },
                        {
                            "Name":  "Superconductors",
                            "Type":  "superconductors",
                            "Required":  -1,
                            "Have":  0
                        },
                        {
                            "Name":  "Surface Stabilisers",
                            "Type":  "surfacestabilisers",
                            "Required":  -1,
                            "Have":  0
                        },
                        {
                            "Name":  "Survival Equipment",
                            "Type":  "survivalequipment",
                            "Required":  -1,
                            "Have":  0
                        },
                        {
                            "Name":  "Synthetic Fabrics",
                            "Type":  "syntheticfabrics",
                            "Required":  -1,
                            "Have":  0
                        },
                        {
                            "Name":  "Synthetic Meat",
                            "Type":  "syntheticmeat",
                            "Required":  -1,
                            "Have":  0
                        },
                        {
                            "Name":  "Synthetic Reagents",
                            "Type":  "syntheticreagents",
                            "Required":  -1,
                            "Have":  0
                        },
                        {
                            "Name":  "Taaffeite",
                            "Type":  "taaffeite",
                            "Required":  -1,
                            "Have":  0
                        },
                        {
                            "Name":  "Tactical Data",
                            "Type":  "tacticaldata",
                            "Required":  -1,
                            "Have":  0
                        },
                        {
                            "Name":  "Tanmark Tranquil Tea",
                            "Type":  "tanmarktranquiltea",
                            "Required":  -1,
                            "Have":  0
                        },
                        {
                            "Name":  "Tantalum",
                            "Type":  "tantalum",
                            "Required":  -1,
                            "Have":  0
                        },
                        {
                            "Name":  "Tarach Spice",
                            "Type":  "tarachtorspice",
                            "Required":  -1,
                            "Have":  0
                        },
                        {
                            "Name":  "Tauri Chimes",
                            "Type":  "taurichimes",
                            "Required":  -1,
                            "Have":  0
                        },
                        {
                            "Name":  "Tea",
                            "Type":  "tea",
                            "Required":  -1,
                            "Have":  0
                        },
                        {
                            "Name":  "Technical Blueprints",
                            "Type":  "usscargotechnicalblueprints",
                            "Required":  -1,
                            "Have":  0
                        },
                        {
                            "Name":  "Telemetry Suite",
                            "Type":  "telemetrysuite",
                            "Required":  -1,
                            "Have":  0
                        },
                        {
                            "Name":  "Terra Mater Blood Bores",
                            "Type":  "terramaterbloodbores",
                            "Required":  -1,
                            "Have":  0
                        },
                        {
                            "Name":  "Thallium",
                            "Type":  "thallium",
                            "Required":  -1,
                            "Have":  0
                        },
                        {
                            "Name":  "Thargoid Basilisk Tissue Sample",
                            "Type":  "thargoidtissuesampletype2",
                            "Required":  -1,
                            "Have":  0
                        },
                        {
                            "Name":  "Thargoid Biological Matter",
                            "Type":  "unknownbiologicalmatter",
                            "Required":  -1,
                            "Have":  0
                        },
                        {
                            "Name":  "Thargoid Cyclops Tissue Sample",
                            "Type":  "thargoidtissuesampletype1",
                            "Required":  -1,
                            "Have":  0
                        },
                        {
                            "Name":  "Thargoid Glaive Tissue Sample",
                            "Type":  "thargoidtissuesampletype6",
                            "Required":  -1,
                            "Have":  0
                        },
                        {
                            "Name":  "Thargoid Heart",
                            "Type":  "thargoidheart",
                            "Required":  -1,
                            "Have":  0
                        },
                        {
                            "Name":  "Thargoid Hydra Tissue Sample",
                            "Type":  "thargoidtissuesampletype4",
                            "Required":  -1,
                            "Have":  0
                        },
                        {
                            "Name":  "Thargoid Link",
                            "Type":  "unknownartifact3",
                            "Required":  -1,
                            "Have":  0
                        },
                        {
                            "Name":  "Thargoid Medusa Tissue Sample",
                            "Type":  "thargoidtissuesampletype3",
                            "Required":  -1,
                            "Have":  0
                        },
                        {
                            "Name":  "Thargoid Orthrus Tissue Sample",
                            "Type":  "thargoidtissuesampletype5",
                            "Required":  -1,
                            "Have":  0
                        },
                        {
                            "Name":  "Thargoid Probe",
                            "Type":  "unknownartifact2",
                            "Required":  -1,
                            "Have":  0
                        },
                        {
                            "Name":  "Thargoid Resin",
                            "Type":  "unknownresin",
                            "Required":  -1,
                            "Have":  0
                        },
                        {
                            "Name":  "Thargoid Scout Tissue Sample",
                            "Type":  "thargoidscouttissuesample",
                            "Required":  -1,
                            "Have":  0
                        },
                        {
                            "Name":  "Thargoid Scythe Tissue Sample",
                            "Type":  "thargoidtissuesampletype7",
                            "Required":  -1,
                            "Have":  0
                        },
                        {
                            "Name":  "Thargoid Sensor",
                            "Type":  "unknownartifact",
                            "Required":  -1,
                            "Have":  0
                        },
                        {
                            "Name":  "Thargoid Technology Samples",
                            "Type":  "unknowntechnologysamples",
                            "Required":  -1,
                            "Have":  0
                        },
                        {
                            "Name":  "The Hutton Mug",
                            "Type":  "thehuttonmug",
                            "Required":  -1,
                            "Have":  0
                        },
                        {
                            "Name":  "The Waters Of Shintara",
                            "Type":  "watersofshintara",
                            "Required":  -1,
                            "Have":  0
                        },
                        {
                            "Name":  "Thermal Cooling Units",
                            "Type":  "thermalcoolingunits",
                            "Required":  -1,
                            "Have":  0
                        },
                        {
                            "Name":  "Thorium",
                            "Type":  "thorium",
                            "Required":  -1,
                            "Have":  0
                        },
                        {
                            "Name":  "Thrutis Cream",
                            "Type":  "thrutiscream",
                            "Required":  -1,
                            "Have":  0
                        },
                        {
                            "Name":  "Tiegfries Synth Silk",
                            "Type":  "tiegfriessynthsilk",
                            "Required":  -1,
                            "Have":  0
                        },
                        {
                            "Name":  "Time Capsule",
                            "Type":  "timecapsule",
                            "Required":  -1,
                            "Have":  0
                        },
                        {
                            "Name":  "Tiolce Waste2Paste Units",
                            "Type":  "tiolcewaste2pasteunits",
                            "Required":  -1,
                            "Have":  0
                        },
                        {
                            "Name":  "Titan Deep Tissue Sample",
                            "Type":  "thargoidtissuesampletype9a",
                            "Required":  -1,
                            "Have":  0
                        },
                        {
                            "Name":  "Titan Drive Component",
                            "Type":  "thargoidtitandrivecomponent",
                            "Required":  -1,
                            "Have":  0
                        },
                        {
                            "Name":  "Titan Maw Deep Tissue Sample",
                            "Type":  "thargoidtissuesampletype10a",
                            "Required":  -1,
                            "Have":  0
                        },
                        {
                            "Name":  "Titan Maw Partial Tissue Sample",
                            "Type":  "thargoidtissuesampletype10c",
                            "Required":  -1,
                            "Have":  0
                        },
                        {
                            "Name":  "Titan Maw Tissue Sample",
                            "Type":  "thargoidtissuesampletype10b",
                            "Required":  -1,
                            "Have":  0
                        },
                        {
                            "Name":  "Titan Partial Tissue Sample",
                            "Type":  "thargoidtissuesampletype9c",
                            "Required":  -1,
                            "Have":  0
                        },
                        {
                            "Name":  "Titan Tissue Sample",
                            "Type":  "thargoidtissuesampletype9b",
                            "Required":  -1,
                            "Have":  0
                        },
                        {
                            "Name":  "Titanium",
                            "Type":  "titanium",
                            "Required":  -1,
                            "Have":  0
                        },
                        {
                            "Name":  "Tobacco",
                            "Type":  "tobacco",
                            "Required":  -1,
                            "Have":  0
                        },
                        {
                            "Name":  "Toxandji Virocide",
                            "Type":  "toxandjivirocide",
                            "Required":  -1,
                            "Have":  0
                        },
                        {
                            "Name":  "Toxic Waste",
                            "Type":  "toxicwaste",
                            "Required":  -1,
                            "Have":  0
                        },
                        {
                            "Name":  "Trade Data",
                            "Type":  "usscargotradedata",
                            "Required":  -1,
                            "Have":  0
                        },
                        {
                            "Name":  "Trinkets of Hidden Fortune",
                            "Type":  "trinketsoffortune",
                            "Required":  -1,
                            "Have":  0
                        },
                        {
                            "Name":  "Tritium",
                            "Type":  "tritium",
                            "Required":  -1,
                            "Have":  0
                        },
                        {
                            "Name":  "Ultra-Compact Processor Prototypes",
                            "Type":  "advert1",
                            "Required":  -1,
                            "Have":  0
                        },
                        {
                            "Name":  "Unclassified Relic",
                            "Type":  "ancientrelictg",
                            "Required":  -1,
                            "Have":  0
                        },
                        {
                            "Name":  "Unoccupied Escape Pod",
                            "Type":  "unocuppiedescapepod",
                            "Required":  -1,
                            "Have":  0
                        },
                        {
                            "Name":  "Unstable Data Core",
                            "Type":  "unstabledatacore",
                            "Required":  -1,
                            "Have":  0
                        },
                        {
                            "Name":  "Uraninite",
                            "Type":  "uraninite",
                            "Required":  -1,
                            "Have":  0
                        },
                        {
                            "Name":  "Uranium",
                            "Type":  "uranium",
                            "Required":  -1,
                            "Have":  0
                        },
                        {
                            "Name":  "Uszaian Tree Grub",
                            "Type":  "uszaiantreegrub",
                            "Required":  -1,
                            "Have":  0
                        },
                        {
                            "Name":  "Utgaroar Millennial Eggs",
                            "Type":  "utgaroarmillenialeggs",
                            "Required":  -1,
                            "Have":  0
                        },
                        {
                            "Name":  "Uzumoku Low-G Wings",
                            "Type":  "uzumokulowgwings",
                            "Required":  -1,
                            "Have":  0
                        },
                        {
                            "Name":  "V Herculis Body Rub",
                            "Type":  "vherculisbodyrub",
                            "Required":  -1,
                            "Have":  0
                        },
                        {
                            "Name":  "Vanayequi Ceratomorpha Fur",
                            "Type":  "vanayequirhinofur",
                            "Required":  -1,
                            "Have":  0
                        },
                        {
                            "Name":  "Vega Slimweed",
                            "Type":  "vegaslimweed",
                            "Required":  -1,
                            "Have":  0
                        },
                        {
                            "Name":  "Vidavantian Lace",
                            "Type":  "vidavantianlace",
                            "Required":  -1,
                            "Have":  0
                        },
                        {
                            "Name":  "Void Extract Coffee",
                            "Type":  "lftvoidextractcoffee",
                            "Required":  -1,
                            "Have":  0
                        },
                        {
                            "Name":  "Void Opal",
                            "Type":  "opal",
                            "Required":  -1,
                            "Have":  0
                        },
                        {
                            "Name":  "Volkhab Bee Drones",
                            "Type":  "volkhabbeedrones",
                            "Required":  -1,
                            "Have":  0
                        },
                        {
                            "Name":  "Water",
                            "Type":  "water",
                            "Required":  -1,
                            "Have":  0
                        },
                        {
                            "Name":  "Water Purifiers",
                            "Type":  "waterpurifiers",
                            "Required":  -1,
                            "Have":  0
                        },
                        {
                            "Name":  "Wheemete Wheat Cakes",
                            "Type":  "wheemetewheatcakes",
                            "Required":  -1,
                            "Have":  0
                        },
                        {
                            "Name":  "Wine",
                            "Type":  "wine",
                            "Required":  -1,
                            "Have":  0
                        },
                        {
                            "Name":  "Witchhaul Kobe Beef",
                            "Type":  "witchhaulkobebeef",
                            "Required":  -1,
                            "Have":  0
                        },
                        {
                            "Name":  "Wolf Fesh",
                            "Type":  "wolf1301fesh",
                            "Required":  -1,
                            "Have":  0
                        },
                        {
                            "Name":  "Wulpa Hyperbore Systems",
                            "Type":  "wulpahyperboresystems",
                            "Required":  -1,
                            "Have":  0
                        },
                        {
                            "Name":  "Wuthielo Ku Froth",
                            "Type":  "wuthielokufroth",
                            "Required":  -1,
                            "Have":  0
                        },
                        {
                            "Name":  "Xihe Biomorphic Companions",
                            "Type":  "xihecompanions",
                            "Required":  -1,
                            "Have":  0
                        },
                        {
                            "Name":  "Yaso Kondi Leaf",
                            "Type":  "yasokondileaf",
                            "Required":  -1,
                            "Have":  0
                        },
                        {
                            "Name":  "Zeessze Ant Grub Glue",
                            "Type":  "zeesszeantglue",
                            "Required":  -1,
                            "Have":  0
                        }
                    ]
}
