"Ship_localised","Pad","ship"
"Adder","Small","adder"
"Alliance Challenger","Medium","typex_3"
"Alliance Chieftain","Medium","typex"
"Alliance Crusader","Medium","typex_2"
"Anaconda","Large","anaconda"
"Asp Explorer","Medium","asp"
"Asp Scout","Medium","asp_scout"
"Beluga Liner","Large","belugaliner"
"Cobra Mk III","Small","cobramkiii"
"Cobra Mk IV","Small","cobramkiv"
"Cobra Mk V","Small","cobramkv"
"Corsair","Medium","corsair"
"Diamondback Explorer","Small","diamondbackxl"
"Diamondback Scout","Small","diamondback"
"Dolphin","Small","dolphin"
"Eagle Mk II","Small","eagle mk ii"
"Federal Assault Ship","Medium","federation_dropship_mkii"
"Federal Corvette","Large","federation_corvette"
"Federal Dropship","Medium","federation_dropship"
"Federal Gunship","Medium","federation_gunship"
"Fer-de-Lance","Medium","ferdelance"
"Hauler","Small","hauler"
"Imperial Clipper","Large","empire_trader"
"Imperial Courier","Small","empire_courier"
"Imperial Cutter","Large","cutter"
"Imperial Eagle","Small","empire_eagle"
"Keelback","Medium","independant_trader"
"Krait Mk II","Medium","krait_mkii"
"Krait Phantom","Medium","krait_light"
"Mamba","Medium","mamba"
"Mandalay","Medium","mandalay"
"Orca","Large","orca"
"Python","Medium","python"
"Python Mk II","Medium","python_nx"
"Sidewinder Mk I","Small","sidewinder mk i"
"Type-10 Defender","Large","type9_military"
"Type-6 Transporter","Medium","type6"
"Type-7 Transporter","Large","type7"
"Type-8 Transporter","Medium","type8"
"Type-9 Heavy","Large","type9"
"Viper Mk III","Small","viper"
"Viper Mk IV","Small","viper_mkiv"
"Vulture","Small","vulture"
